Time,GPS Latitude,GPS Longitude,Temperature
11:51:55,34.1410370,-118.1500397,31.10
11:51:56,34.1410332,-118.1500397,31.10
11:51:57,34.1410255,-118.1500397,31.10
11:51:58,34.1410294,-118.1500397,31.00
11:51:59,34.1410294,-118.1500397,31.00
11:52:00,34.1410332,-118.1500473,31.00
11:52:01,34.1410294,-118.1500473,31.00
11:52:02,34.1410370,-118.1500549,31.00
11:52:03,34.1410408,-118.1500549,31.00
11:52:04,34.1410408,-118.1500549,31.00
11:52:05,34.1410408,-118.1500549,30.90
11:52:06,34.1410599,-118.1500778,31.00
11:52:07,34.1410561,-118.1500702,30.90
11:52:08,34.1410561,-118.1500702,30.90
11:52:09,34.1410561,-118.1500702,30.90
11:52:10,34.1410561,-118.1500702,30.90
11:52:11,34.1410561,-118.1500702,30.90
11:52:12,34.1410522,-118.1500702,30.90
11:52:13,34.1410522,-118.1500702,30.80
11:52:14,34.1410561,-118.1500702,30.80
11:52:15,34.1410561,-118.1500702,30.80
11:52:16,34.1410522,-118.1500626,30.80
11:52:17,34.1410484,-118.1500626,30.80
11:52:18,34.1410522,-118.1500626,30.80
11:52:19,34.1410522,-118.1500626,30.80
11:52:20,34.1410561,-118.1500626,30.80
11:52:21,34.1410561,-118.1500626,30.70
11:52:22,34.1410561,-118.1500626,30.70
11:52:23,34.1410561,-118.1500626,30.70
11:52:24,34.1410599,-118.1500702,30.60
11:52:25,34.1410599,-118.1500702,30.60
11:52:26,34.1410637,-118.1500778,30.60
11:52:27,34.1410637,-118.1500778,30.60
11:52:28,34.1410637,-118.1500778,30.60
11:52:29,34.1410637,-118.1500778,30.60
11:52:30,34.1410675,-118.1500778,30.60
11:52:31,34.1410675,-118.1500778,30.60
11:52:32,34.1410675,-118.1500778,30.50
11:52:49,34.1410713,-118.1500854,30.30
11:52:50,34.1410751,-118.1500854,30.30
11:52:51,34.1410751,-118.1500854,30.30
11:52:52,34.1410751,-118.1500854,30.30
11:52:53,34.1410751,-118.1500854,30.20
11:52:54,34.1410828,-118.1500931,30.30
11:52:55,34.1410828,-118.1500931,30.20
11:52:56,34.1410866,-118.1500931,30.20
11:52:57,34.1410866,-118.1500931,30.20
11:52:58,34.1410866,-118.1500931,30.20
11:52:59,34.1410866,-118.1500931,30.20
11:53:00,34.1410866,-118.1500931,30.20
11:53:01,34.1410866,-118.1500931,30.20
11:53:02,34.1410866,-118.1500931,30.20
11:53:03,34.1410866,-118.1500931,30.10
11:53:04,34.1410866,-118.1500931,30.10
11:53:05,34.1410866,-118.1500931,30.10
11:53:06,34.1410866,-118.1500931,30.10
11:53:07,34.1410866,-118.1500931,30.10
11:53:08,34.1410866,-118.1500931,30.10
11:53:09,34.1410828,-118.1500854,30.10
11:53:10,34.1410789,-118.1500854,30.10
11:53:11,34.1410789,-118.1500854,30.10
11:53:12,34.1410789,-118.1500854,30.10
11:53:13,34.1410789,-118.1500854,30.00
11:53:14,34.1410789,-118.1500854,30.00
11:53:15,34.1410789,-118.1500854,30.00
11:53:16,34.1410751,-118.1500854,30.00
11:53:17,34.1410789,-118.1500854,30.00
11:53:18,34.1410789,-118.1500854,30.00
11:53:19,34.1410751,-118.1500854,30.00
11:53:20,34.1410751,-118.1500854,29.90
11:53:21,34.1410751,-118.1500854,30.00
11:53:22,34.1410751,-118.1500854,29.90
11:53:23,34.1410713,-118.1500854,29.90
11:53:24,34.1410713,-118.1500854,29.90
11:53:25,34.1410675,-118.1500778,29.90
11:53:26,34.1410675,-118.1500778,29.90
11:53:27,34.1410675,-118.1500778,29.90
11:53:28,34.1410675,-118.1500778,29.90
11:53:29,34.1410675,-118.1500778,29.90
11:53:30,34.1410675,-118.1500778,29.90
11:53:31,34.1410675,-118.1500778,29.90
11:53:32,34.1410675,-118.1500778,29.90
11:53:33,34.1410675,-118.1500778,29.90
11:53:34,34.1410675,-118.1500778,29.90
11:53:35,34.1410675,-118.1500778,29.90
11:53:36,34.1410675,-118.1500778,29.90
11:53:37,34.1410675,-118.1500778,29.90
11:53:38,34.1410675,-118.1500778,29.90
11:53:39,34.1410675,-118.1500778,29.90
11:53:40,34.1410675,-118.1500778,29.90
11:53:41,34.1410675,-118.1500778,29.90
11:53:42,34.1410675,-118.1500778,29.90
11:53:43,34.1410675,-118.1500778,29.90
11:53:44,34.1410675,-118.1500778,29.90
11:53:45,34.1410675,-118.1500778,29.90
11:53:46,34.1410675,-118.1500778,29.90
11:53:47,34.1410675,-118.1500778,29.90
11:53:48,34.1410675,-118.1500778,29.80
11:53:49,34.1410675,-118.1500778,29.80
11:53:50,34.1410675,-118.1500778,29.80
11:53:51,34.1410675,-118.1500778,29.80
11:53:52,34.1410675,-118.1500778,29.90
11:53:53,34.1410675,-118.1500778,29.80
11:53:54,34.1410675,-118.1500778,29.80
11:53:55,34.1410675,-118.1500778,29.80
11:53:56,34.1410637,-118.1500778,29.80
11:53:57,34.1410637,-118.1500778,29.80
11:53:58,34.1410637,-118.1500778,29.80
11:53:59,34.1410637,-118.1500778,29.80
11:54:00,34.1410637,-118.1500778,29.80
11:54:01,34.1410637,-118.1500778,29.80
11:54:02,34.1410637,-118.1500778,29.70
11:54:03,34.1410637,-118.1500778,29.70
11:54:04,34.1410637,-118.1500778,29.70
11:54:05,34.1410637,-118.1500778,29.70
11:54:06,34.1410637,-118.1500778,29.70
11:54:07,34.1410637,-118.1500778,29.70
11:54:08,34.1410637,-118.1500778,29.70
11:54:09,34.1410637,-118.1500778,29.70
11:54:10,34.1410637,-118.1500778,29.70
11:54:11,34.1410637,-118.1500778,29.70
11:54:12,34.1410637,-118.1500778,29.70
11:54:13,34.1410637,-118.1500778,29.70
11:54:14,34.1410637,-118.1500778,29.60
11:54:15,34.1410637,-118.1500778,29.60
11:54:16,34.1410637,-118.1500778,29.60
11:54:17,34.1410637,-118.1500778,29.70
11:54:18,34.1410637,-118.1500778,29.60
11:54:19,34.1410637,-118.1500778,29.60
11:54:20,34.1410637,-118.1500778,29.70
11:54:21,34.1410637,-118.1500778,29.70
11:54:22,34.1410637,-118.1500778,29.60
11:54:23,34.1410637,-118.1500778,29.60
11:54:24,34.1410637,-118.1500778,29.60
11:54:25,34.1410637,-118.1500778,29.60
11:54:26,34.1410637,-118.1500778,29.60
11:54:27,34.1410637,-118.1500778,29.60
11:54:28,34.1410637,-118.1500778,29.60
11:54:29,34.1410637,-118.1500778,29.50
11:54:30,34.1410637,-118.1500778,29.50
11:54:31,34.1410637,-118.1500778,29.50
11:54:32,34.1410637,-118.1500778,29.50
11:54:49,34.1410637,-118.1500778,29.40
11:54:50,34.1410637,-118.1500778,29.40
11:54:51,34.1410637,-118.1500778,29.40
11:54:52,34.1410637,-118.1500778,29.40
11:54:53,34.1410637,-118.1500778,29.40
11:54:54,34.1410637,-118.1500778,29.40
11:54:55,34.1410637,-118.1500778,29.40
11:54:56,34.1410637,-118.1500778,29.30
11:54:57,34.1410637,-118.1500778,29.30
11:54:58,34.1410637,-118.1500778,29.40
11:54:59,34.1410637,-118.1500778,29.30
11:55:00,34.1410637,-118.1500778,29.30
11:55:01,34.1410637,-118.1500778,29.30
11:55:02,34.1410637,-118.1500778,29.30
11:55:03,34.1410637,-118.1500778,29.30
11:55:04,34.1410637,-118.1500778,29.30
11:55:05,34.1410637,-118.1500778,29.30
11:55:06,34.1410637,-118.1500778,29.30
11:55:07,34.1410637,-118.1500778,29.40
11:55:08,34.1410637,-118.1500778,29.30
11:55:09,34.1410637,-118.1500778,29.30
11:55:10,34.1410637,-118.1500778,29.30
11:55:11,34.1410637,-118.1500778,29.30
11:55:12,34.1410637,-118.1500778,29.30
11:55:13,34.1410637,-118.1500778,29.30
11:55:14,34.1410637,-118.1500778,29.30
11:55:15,34.1410637,-118.1500778,29.30
11:55:16,34.1410637,-118.1500778,29.30
11:55:17,34.1410637,-118.1500778,29.30
11:55:18,34.1410637,-118.1500778,29.30
11:55:19,34.1410637,-118.1500778,29.30
11:55:20,34.1410637,-118.1500778,29.30
11:55:21,34.1410637,-118.1500778,29.30
11:55:22,34.1410637,-118.1500778,29.30
11:55:23,34.1410637,-118.1500778,29.30
11:55:24,34.1410637,-118.1500778,29.30
11:55:25,34.1410637,-118.1500778,29.30
11:55:26,34.1410637,-118.1500778,29.30
11:55:27,34.1410637,-118.1500778,29.30
11:55:28,34.1410637,-118.1500854,29.40
11:55:29,34.1410637,-118.1500854,29.40
11:55:30,34.1410637,-118.1500854,29.40
11:55:31,34.1410599,-118.1500854,29.40
11:55:32,34.1410599,-118.1500854,29.40
11:55:33,34.1410599,-118.1500931,29.40
11:55:34,34.1410599,-118.1501007,29.40
11:55:51,34.1410599,-118.1501312,29.40
11:55:52,34.1410599,-118.1501312,29.40
11:55:53,34.1410599,-118.1501312,29.40
11:55:54,34.1410599,-118.1501312,29.40
11:55:55,34.1410599,-118.1501312,29.40
11:55:56,34.1410599,-118.1501312,29.40
11:55:57,34.1410599,-118.1501312,29.40
11:55:58,34.1410599,-118.1501312,29.40
11:55:59,34.1410599,-118.1501312,29.40
11:56:00,34.1410599,-118.1501312,29.40
11:56:01,34.1410599,-118.1501312,29.40
11:56:02,34.1410599,-118.1501312,29.40
11:56:03,34.1410599,-118.1501312,29.40
11:56:04,34.1410599,-118.1501312,29.40
11:56:05,34.1410599,-118.1501312,29.40
11:56:06,34.1410599,-118.1501312,29.40
11:56:07,34.1410599,-118.1501312,29.40
11:56:08,34.1410599,-118.1501312,29.40
11:56:09,34.1410599,-118.1501312,29.40
11:56:10,34.1410599,-118.1501312,29.40
11:56:11,34.1410599,-118.1501312,29.50
11:56:12,34.1410599,-118.1501312,29.40
11:56:13,34.1410599,-118.1501312,29.50
11:56:14,34.1410599,-118.1501312,29.50
11:56:15,34.1410599,-118.1501312,29.50
11:56:16,34.1410599,-118.1501312,29.50
11:56:17,34.1410561,-118.1501312,29.50
11:56:18,34.1410561,-118.1501312,29.50
11:56:19,34.1410561,-118.1501389,29.50
11:56:20,34.1410561,-118.1501389,29.50
11:56:21,34.1410561,-118.1501389,29.40
11:56:22,34.1410561,-118.1501389,29.50
11:56:23,34.1410561,-118.1501389,29.50
11:56:24,34.1410561,-118.1501389,29.50
11:56:25,34.1410561,-118.1501465,29.50
11:56:42,34.1410599,-118.1501541,29.50
11:56:43,34.1410599,-118.1501541,29.50
11:56:44,34.1410599,-118.1501541,29.50
11:56:45,34.1410599,-118.1501617,29.50
11:56:46,34.1410599,-118.1501617,29.50
11:56:47,34.1410599,-118.1501617,29.50
11:56:48,34.1410599,-118.1501617,29.50
11:56:49,34.1410599,-118.1501617,29.50
11:56:50,34.1410599,-118.1501617,29.40
11:56:51,34.1410599,-118.1501617,29.40
11:56:52,34.1410599,-118.1501617,29.50
11:56:53,34.1410599,-118.1501617,29.40
11:56:54,34.1410599,-118.1501617,29.40
11:56:55,34.1410599,-118.1501617,29.40
11:56:56,34.1410599,-118.1501617,29.40
11:56:57,34.1410599,-118.1501617,29.40
11:56:58,34.1410599,-118.1501617,29.40
11:56:59,34.1410599,-118.1501617,29.40
11:57:00,34.1410599,-118.1501617,29.40
11:57:01,34.1410599,-118.1501617,29.40
11:57:02,34.1410599,-118.1501617,29.40
11:57:03,34.1410599,-118.1501617,29.40
11:57:04,34.1410599,-118.1501617,29.40
11:57:05,34.1410599,-118.1501617,29.40
11:57:06,34.1410599,-118.1501617,29.40
11:57:07,34.1410599,-118.1501617,29.40
11:57:08,34.1410599,-118.1501617,29.40
11:57:09,34.1410599,-118.1501617,29.40
11:57:10,34.1410599,-118.1501617,29.40
11:57:11,34.1410599,-118.1501617,29.40
11:57:12,34.1410599,-118.1501617,29.40
11:57:13,34.1410599,-118.1501617,29.40
11:57:14,34.1410599,-118.1501617,29.40
11:57:15,34.1410599,-118.1501617,29.40
11:57:16,34.1410599,-118.1501617,29.40
11:57:17,34.1410599,-118.1501617,29.40
11:57:34,34.1410522,-118.1501846,29.40
11:57:35,34.1410484,-118.1501846,29.40
11:57:36,34.1410484,-118.1501846,29.40
11:57:37,34.1410484,-118.1501846,29.40
11:57:38,34.1410484,-118.1501846,29.40
11:57:39,34.1410484,-118.1501846,29.40
11:57:40,34.1410484,-118.1501846,29.40
11:57:41,34.1410522,-118.1501770,29.40
11:57:42,34.1410522,-118.1501770,29.40
11:57:43,34.1410522,-118.1501770,29.40
11:57:44,34.1410484,-118.1501770,29.40
11:57:45,34.1410484,-118.1501770,29.40
11:57:46,34.1410484,-118.1501770,29.40
11:57:47,34.1410484,-118.1501770,29.40
11:57:48,34.1410484,-118.1501770,29.40
11:57:49,34.1410484,-118.1501770,29.40
11:57:50,34.1410484,-118.1501770,29.40
11:57:51,34.1410484,-118.1501770,29.40
11:57:52,34.1410484,-118.1501770,29.40
11:57:53,34.1410484,-118.1501770,29.40
11:57:54,34.1410484,-118.1501770,29.40
11:57:55,34.1410484,-118.1501770,29.40
11:57:56,34.1410484,-118.1501770,29.40
11:57:57,34.1410484,-118.1501770,29.40
11:57:58,34.1410484,-118.1501770,29.40
11:57:59,34.1410484,-118.1501770,29.40
11:58:00,34.1410484,-118.1501770,29.40
11:58:01,34.1410484,-118.1501770,29.40
11:58:02,34.1410484,-118.1501770,29.40
11:58:03,34.1410484,-118.1501770,29.30
11:58:04,34.1410484,-118.1501770,29.40
11:58:05,34.1410484,-118.1501770,29.40
11:58:06,34.1410484,-118.1501770,29.40
11:58:07,34.1410484,-118.1501770,29.40
11:58:08,34.1410484,-118.1501770,29.40
11:58:09,34.1410484,-118.1501770,29.40
11:58:10,34.1410484,-118.1501770,29.40
11:58:11,34.1410484,-118.1501770,29.40
11:58:12,34.1410484,-118.1501770,29.40
11:58:13,34.1410484,-118.1501770,29.40
11:58:14,34.1410484,-118.1501770,29.30
11:58:15,34.1410484,-118.1501770,29.30
11:58:16,34.1410484,-118.1501770,29.30
11:58:17,34.1410484,-118.1501770,29.40
11:58:18,34.1410484,-118.1501770,29.30
11:58:19,34.1410484,-118.1501770,29.30
12:01:36,34.1410599,-118.1501923,28.70
12:01:37,34.1410599,-118.1501923,28.70
12:01:38,34.1410599,-118.1501923,28.60
12:01:39,34.1410599,-118.1501923,28.70
12:01:40,34.1410599,-118.1501923,28.70
12:01:41,34.1410599,-118.1501923,28.60
12:01:42,34.1410599,-118.1501923,28.70
12:01:43,34.1410599,-118.1501923,28.60
12:01:44,34.1410599,-118.1501923,28.70
12:01:45,34.1410599,-118.1501923,28.60
12:01:46,34.1410599,-118.1501923,28.60
12:01:47,34.1410599,-118.1501923,28.60
12:01:48,34.1410599,-118.1501923,28.60
12:01:49,34.1410599,-118.1501923,28.60
12:01:50,34.1410599,-118.1501923,28.60
12:01:51,34.1410599,-118.1501923,28.60
12:01:52,34.1410599,-118.1501923,28.60
12:01:53,34.1410599,-118.1501923,28.60
12:01:54,34.1410599,-118.1501923,28.60
12:01:55,34.1410599,-118.1501923,28.60
12:01:56,34.1410599,-118.1501923,28.60
12:01:57,34.1410599,-118.1501923,28.60
12:01:58,34.1410599,-118.1501923,28.60
12:01:59,34.1410599,-118.1501923,28.60
12:02:00,34.1410599,-118.1501923,28.60
12:02:01,34.1410599,-118.1501923,28.60
12:02:02,34.1410599,-118.1501923,28.60
12:02:03,34.1410599,-118.1501923,28.60
12:02:04,34.1410599,-118.1501923,28.60
12:02:05,34.1410599,-118.1501923,28.60
12:02:06,34.1410599,-118.1501923,28.60
12:02:07,34.1410599,-118.1501923,28.60
12:02:08,34.1410599,-118.1501923,28.60
12:02:09,34.1410599,-118.1501923,28.60
12:02:10,34.1410599,-118.1501923,28.60
12:02:11,34.1410599,-118.1501923,28.60
12:02:12,34.1410599,-118.1501923,28.60
12:02:13,34.1410599,-118.1501923,28.60
12:02:14,34.1410599,-118.1501923,28.60
12:02:15,34.1410599,-118.1501923,28.60
12:02:16,34.1410599,-118.1501923,28.60
12:02:17,34.1410599,-118.1501923,28.60
12:02:18,34.1410599,-118.1501923,28.60
12:02:19,34.1410599,-118.1501923,28.60
12:02:20,34.1410599,-118.1501923,28.60
12:02:21,34.1410599,-118.1501923,28.60
12:02:22,34.1410599,-118.1501923,28.60
12:02:23,34.1410599,-118.1501923,28.60
12:02:24,34.1410599,-118.1501923,28.60
12:02:25,34.1410599,-118.1501923,28.60
12:02:26,34.1410599,-118.1501923,28.60
12:02:27,34.1410599,-118.1501923,28.60
12:02:28,34.1410599,-118.1501923,28.60
12:02:29,34.1410599,-118.1501923,28.60
12:02:30,34.1410599,-118.1501923,28.60
12:02:31,34.1410561,-118.1501923,28.60
12:02:32,34.1410561,-118.1501923,28.60
12:02:33,34.1410561,-118.1501923,28.60
12:02:34,34.1410561,-118.1501923,28.60
12:02:51,34.1410561,-118.1501923,28.60
12:02:52,34.1410561,-118.1501923,28.60
12:02:53,34.1410561,-118.1501923,28.60
12:02:54,34.1410561,-118.1501923,28.60
12:02:55,34.1410561,-118.1501923,28.60
12:02:56,34.1410561,-118.1501923,28.60
12:02:57,34.1410561,-118.1501923,28.60
12:02:58,34.1410561,-118.1501923,28.60
12:02:59,34.1410561,-118.1501923,28.60
12:03:00,34.1410561,-118.1501923,28.60
12:03:01,34.1410561,-118.1501923,28.60
12:03:02,34.1410561,-118.1501923,28.60
12:03:03,34.1410561,-118.1501923,28.70
12:03:04,34.1410561,-118.1501923,28.70
12:03:05,34.1410561,-118.1501923,28.70
12:03:06,34.1410561,-118.1501923,28.70
12:03:07,34.1410561,-118.1501923,28.70
12:03:08,34.1410561,-118.1501923,28.70
12:03:09,34.1410561,-118.1501923,28.70
12:03:10,34.1410561,-118.1501923,28.70
12:03:11,34.1410561,-118.1501923,28.70
12:03:12,34.1410561,-118.1501923,28.70
12:03:13,34.1410561,-118.1501923,28.70
12:03:14,34.1410561,-118.1501923,28.70
12:03:15,34.1410561,-118.1501923,28.70
12:03:16,34.1410561,-118.1501923,28.70
12:03:17,34.1410561,-118.1501923,28.70
12:03:18,34.1410561,-118.1501923,28.70
12:03:19,34.1410561,-118.1501923,28.70
12:03:20,34.1410561,-118.1501923,28.70
12:03:21,34.1410561,-118.1501923,28.70
12:03:22,34.1410561,-118.1501923,28.70
12:03:23,34.1410561,-118.1501923,28.70
12:03:24,34.1410561,-118.1501923,28.70
12:03:25,34.1410561,-118.1501923,28.70
12:03:26,34.1410561,-118.1501923,28.70
12:03:27,34.1410561,-118.1501923,28.80
12:03:28,34.1410561,-118.1501923,28.80
12:03:29,34.1410561,-118.1501923,28.80
12:03:30,34.1410561,-118.1501923,28.70
12:03:31,34.1410561,-118.1501923,28.70
12:03:32,34.1410522,-118.1501923,28.70
12:03:33,34.1410484,-118.1501923,28.70
12:03:34,34.1410484,-118.1501999,28.70
12:03:35,34.1410484,-118.1501999,28.70
12:03:36,34.1410484,-118.1501999,28.80
12:03:37,34.1410446,-118.1501999,28.80
12:03:38,34.1410408,-118.1501999,28.80
12:03:39,34.1410408,-118.1501999,28.70
12:03:40,34.1410370,-118.1502075,28.70
12:03:41,34.1410370,-118.1502075,28.70
12:03:42,34.1410370,-118.1502075,28.70
12:03:43,34.1410370,-118.1502075,28.70
12:03:44,34.1410370,-118.1502075,28.80
12:03:45,34.1410370,-118.1502075,28.80
12:03:46,34.1410370,-118.1502075,28.80
12:03:47,34.1410370,-118.1502075,28.80
12:03:48,34.1410370,-118.1502075,28.80
12:03:49,34.1410370,-118.1502075,28.80
12:03:50,34.1410370,-118.1502075,28.80
12:03:51,34.1410370,-118.1502075,28.80
12:03:52,34.1410370,-118.1502075,28.80
12:03:53,34.1410370,-118.1502075,28.80
12:03:54,34.1410370,-118.1502075,28.80
12:03:55,34.1410370,-118.1502075,28.80
12:03:56,34.1410370,-118.1502075,28.80
12:03:57,34.1410370,-118.1502075,28.80
12:03:58,34.1410370,-118.1502075,28.80
12:03:59,34.1410370,-118.1502075,28.80
12:04:00,34.1410370,-118.1502075,28.80
12:04:01,34.1410370,-118.1502075,28.80
12:04:02,34.1410370,-118.1502075,28.80
12:04:03,34.1410370,-118.1502075,28.80
12:04:04,34.1410370,-118.1502075,28.80
12:04:05,34.1410370,-118.1502075,28.80
12:04:06,34.1410370,-118.1502075,28.80
12:04:07,34.1410370,-118.1502075,28.80
12:04:08,34.1410370,-118.1502075,28.80
12:04:09,34.1410370,-118.1502075,28.80
12:04:10,34.1410370,-118.1502075,28.80
12:04:11,34.1410370,-118.1502075,28.80
12:04:12,34.1410370,-118.1502075,28.80
12:04:13,34.1410370,-118.1502075,28.80
12:04:14,34.1410370,-118.1502075,28.80
12:04:15,34.1410370,-118.1502075,28.80
12:04:16,34.1410370,-118.1502075,28.80
12:04:17,34.1410370,-118.1502075,28.80
12:04:18,34.1410370,-118.1502075,28.80
12:04:19,34.1410370,-118.1502075,28.80
12:04:20,34.1410370,-118.1502075,28.80
12:04:21,34.1410370,-118.1502075,28.80
12:04:22,34.1410370,-118.1502075,28.80
12:04:23,34.1410370,-118.1502075,28.80
12:04:24,34.1410370,-118.1502075,28.80
12:04:25,34.1410370,-118.1502075,28.80
12:04:26,34.1410370,-118.1502075,28.80
12:04:27,34.1410370,-118.1502075,28.80
12:04:28,34.1410370,-118.1502075,28.80
12:04:29,34.1410370,-118.1502075,28.80
12:04:30,34.1410370,-118.1502075,28.80
12:04:31,34.1410370,-118.1502075,28.80
12:04:32,34.1410370,-118.1502075,28.90
12:04:33,34.1410370,-118.1502075,28.90
12:04:34,34.1410370,-118.1502075,28.90
12:04:51,34.1410332,-118.1502075,28.90
12:04:52,34.1410332,-118.1502075,28.90
12:04:53,34.1410332,-118.1502075,28.90
12:04:54,34.1410332,-118.1502075,28.90
12:04:55,34.1410294,-118.1502075,28.90
12:04:56,34.1410294,-118.1502075,28.90
12:04:57,34.1410294,-118.1502075,28.90
12:04:58,34.1410294,-118.1502075,28.90
12:04:59,34.1410294,-118.1502075,28.90
12:05:00,34.1410294,-118.1502075,28.90
12:05:01,34.1410294,-118.1502075,28.90
12:05:02,34.1410294,-118.1502075,28.90
12:05:03,34.1410294,-118.1502075,28.90
12:05:04,34.1410294,-118.1502075,28.90
12:05:05,34.1410294,-118.1502075,28.90
12:05:06,34.1410294,-118.1502075,28.90
12:05:07,34.1410294,-118.1502075,28.90
12:05:08,34.1410294,-118.1502075,28.90
12:05:09,34.1410294,-118.1502075,28.90
12:05:10,34.1410294,-118.1502075,28.90
12:05:11,34.1410294,-118.1502075,28.90
12:05:12,34.1410294,-118.1502075,28.90
12:05:13,34.1410294,-118.1502075,28.90
12:05:14,34.1410294,-118.1502075,28.90
12:05:15,34.1410294,-118.1502151,28.90
12:05:16,34.1410294,-118.1502151,28.90
12:05:17,34.1410294,-118.1502151,28.90
12:05:18,34.1410294,-118.1502151,28.90
12:05:19,34.1410294,-118.1502075,28.90
12:05:20,34.1410294,-118.1502075,28.90
12:05:21,34.1410294,-118.1502075,28.90
12:05:22,34.1410294,-118.1502075,28.90
12:05:23,34.1410294,-118.1502075,28.90
12:05:24,34.1410294,-118.1502075,28.90
12:05:25,34.1410294,-118.1502075,28.90
12:05:26,34.1410294,-118.1502075,28.90
12:05:27,34.1410294,-118.1502151,28.90
12:05:28,34.1410294,-118.1502151,28.90
12:05:29,34.1410255,-118.1502151,28.90
12:05:30,34.1410294,-118.1502075,28.90
12:05:31,34.1410294,-118.1502075,28.90
12:05:32,34.1410294,-118.1502075,28.90
12:05:33,34.1410294,-118.1502075,28.90
12:05:34,34.1410294,-118.1502075,28.90
12:05:35,34.1410294,-118.1502075,28.80
12:05:52,34.1410294,-118.1502075,28.80
12:07:03,0.0000000,0.0000000,28.70
12:07:04,0.0000000,0.0000000,28.70
12:07:05,0.0000000,0.0000000,28.70
12:07:06,0.0000000,0.0000000,28.70
12:07:07,0.0000000,0.0000000,28.70
12:07:08,0.0000000,0.0000000,28.70
12:07:09,0.0000000,0.0000000,28.70
12:07:10,0.0000000,0.0000000,28.70
12:07:11,0.0000000,0.0000000,28.70
12:07:12,0.0000000,0.0000000,28.70
12:07:13,0.0000000,0.0000000,28.70
12:07:14,0.0000000,0.0000000,28.70
12:07:15,0.0000000,0.0000000,28.70
12:07:16,0.0000000,0.0000000,28.70
12:07:17,0.0000000,0.0000000,28.70
12:07:18,0.0000000,0.0000000,28.70
12:07:19,0.0000000,0.0000000,28.70
12:07:20,0.0000000,0.0000000,28.70
12:07:21,0.0000000,0.0000000,28.70
12:07:22,0.0000000,0.0000000,28.70
12:07:23,0.0000000,0.0000000,28.70
12:07:24,0.0000000,0.0000000,28.70
12:07:25,0.0000000,0.0000000,28.70
12:07:26,0.0000000,0.0000000,28.70
12:07:27,34.1409264,-118.1501083,28.70
12:07:28,34.1409264,-118.1501083,28.70
12:07:29,34.1409264,-118.1501083,28.70
12:07:30,34.1409264,-118.1501083,28.70
12:07:31,34.1409264,-118.1501083,28.70
12:07:32,34.1409264,-118.1501083,28.70
12:07:33,34.1409225,-118.1501160,28.70
12:07:34,34.1409264,-118.1501236,28.70
12:07:35,34.1409302,-118.1501236,28.70
12:07:36,34.1409302,-118.1501236,28.70
12:07:37,34.1409264,-118.1501236,28.70
12:07:38,34.1409225,-118.1501236,28.70
12:07:39,34.1409225,-118.1501236,28.70
12:07:40,34.1409225,-118.1501236,28.70
12:07:41,34.1409149,-118.1501236,28.70
12:07:42,34.1409149,-118.1501236,28.70
12:07:43,34.1409149,-118.1501236,28.70
12:07:44,34.1409111,-118.1501236,28.70
12:07:45,34.1409035,-118.1501312,28.70
12:07:46,34.1409035,-118.1501312,28.70
12:07:47,34.1409035,-118.1501312,28.70
12:07:48,34.1409035,-118.1501312,28.70
12:07:49,34.1408997,-118.1501312,28.70
12:07:50,34.1408997,-118.1501312,28.70
12:07:51,34.1408958,-118.1501312,28.70
12:07:52,34.1409035,-118.1501389,28.70
12:07:53,34.1409035,-118.1501389,28.70
12:07:54,34.1409111,-118.1501389,28.70
12:07:55,34.1409225,-118.1501465,28.70
12:07:56,34.1409378,-118.1501465,28.70
12:07:57,34.1409378,-118.1501465,28.70
12:07:58,34.1409607,-118.1501465,28.70
12:07:59,34.1409683,-118.1501465,28.70
12:08:00,34.1409760,-118.1501465,28.70
12:08:01,34.1409760,-118.1501465,28.70
12:08:02,34.1409874,-118.1501465,28.70
12:08:03,34.1409874,-118.1501465,28.70
12:08:04,34.1410027,-118.1501541,28.70
12:08:05,34.1410027,-118.1501541,28.70
12:08:06,34.1410027,-118.1501541,28.70
12:08:07,34.1410027,-118.1501541,28.70
12:08:08,34.1410217,-118.1501541,28.70
12:08:09,34.1410217,-118.1501541,28.70
12:08:10,34.1410217,-118.1501541,28.70
12:08:11,34.1410255,-118.1501617,28.60
12:08:12,34.1410255,-118.1501617,28.70
12:08:13,34.1410255,-118.1501617,28.60
12:08:14,34.1410294,-118.1501541,28.60
12:08:15,34.1410294,-118.1501541,28.60
12:08:32,34.1410255,-118.1501617,28.60
12:08:33,34.1410294,-118.1501617,28.60
12:08:34,34.1410294,-118.1501617,28.60
12:08:35,34.1410294,-118.1501617,28.60
12:08:36,34.1410294,-118.1501617,28.60
12:08:37,34.1410294,-118.1501617,28.60
12:08:38,34.1410294,-118.1501617,28.60
12:08:39,34.1410294,-118.1501617,28.60
12:08:40,34.1410294,-118.1501694,28.60
12:08:41,34.1410294,-118.1501694,28.60
12:08:58,34.1410294,-118.1501694,28.60
12:08:59,34.1410294,-118.1501694,28.60
12:10:16,34.1410332,-118.1501770,28.50
12:10:17,34.1410332,-118.1501770,28.50
12:10:18,34.1410332,-118.1501770,28.50
12:10:19,34.1410332,-118.1501770,28.50
12:10:20,34.1410332,-118.1501770,28.50
12:10:21,34.1410332,-118.1501770,28.50
12:10:22,34.1410332,-118.1501770,28.50
12:10:23,34.1410332,-118.1501770,28.50
12:10:24,34.1410294,-118.1501770,28.50
12:10:25,34.1410294,-118.1501770,28.50
12:10:26,34.1410294,-118.1501770,28.50
12:10:27,34.1410294,-118.1501770,28.50
12:10:28,34.1410294,-118.1501770,28.50
12:10:29,34.1410294,-118.1501770,28.50
12:10:30,34.1410294,-118.1501770,28.50
12:10:31,34.1410294,-118.1501770,28.50
12:10:32,34.1410294,-118.1501770,28.50
12:10:33,34.1410294,-118.1501770,28.50
12:10:34,34.1410294,-118.1501770,28.50
12:10:35,34.1410294,-118.1501770,28.50
12:10:36,34.1410294,-118.1501770,28.50
12:10:37,34.1410294,-118.1501770,28.50
12:10:38,34.1410294,-118.1501770,28.50
12:10:39,34.1410294,-118.1501770,28.50
12:10:40,34.1410294,-118.1501770,28.50
12:10:41,34.1410294,-118.1501770,28.50
12:10:58,34.1410255,-118.1501694,28.50
12:10:59,34.1410255,-118.1501694,28.50
12:11:00,34.1410255,-118.1501694,28.50
12:11:01,34.1410255,-118.1501694,28.50
12:11:02,34.1410255,-118.1501694,28.50
12:11:03,34.1410255,-118.1501694,28.50
12:11:04,34.1410255,-118.1501694,28.50
12:11:05,34.1410255,-118.1501694,28.50
12:11:06,34.1410255,-118.1501694,28.50
12:11:07,34.1410255,-118.1501694,28.50
12:11:08,34.1410255,-118.1501694,28.50
12:11:09,34.1410255,-118.1501694,28.50
12:11:10,34.1410255,-118.1501694,28.50
12:11:11,34.1410255,-118.1501694,28.50
12:11:12,34.1410255,-118.1501694,28.50
12:11:13,34.1410255,-118.1501694,28.50
12:11:14,34.1410255,-118.1501694,28.50
12:11:15,34.1410255,-118.1501694,28.50
12:11:16,34.1410255,-118.1501694,28.50
12:11:17,34.1410255,-118.1501694,28.50
12:11:18,34.1410255,-118.1501694,28.50
12:11:19,34.1410255,-118.1501694,28.50
12:11:20,34.1410255,-118.1501694,28.50
12:11:21,34.1410255,-118.1501694,28.50
12:11:22,34.1410255,-118.1501694,28.40
12:11:23,34.1410255,-118.1501694,28.50
12:11:24,34.1410255,-118.1501694,28.50
12:11:25,34.1410255,-118.1501694,28.40
12:11:26,34.1410255,-118.1501694,28.40
12:11:27,34.1410255,-118.1501694,28.40
12:11:28,34.1410255,-118.1501694,28.40
12:11:29,34.1410255,-118.1501694,28.40
12:11:30,34.1410255,-118.1501694,28.40
12:11:31,34.1410217,-118.1501694,28.40
12:11:32,34.1410217,-118.1501694,28.40
12:11:33,34.1410217,-118.1501694,28.40
12:11:34,34.1410217,-118.1501694,28.40
12:11:35,34.1410217,-118.1501694,28.40
12:11:36,34.1410217,-118.1501694,28.40
12:11:37,34.1410217,-118.1501694,28.40
12:11:38,34.1410217,-118.1501694,28.40
12:11:39,34.1410217,-118.1501694,28.40
12:11:40,34.1410217,-118.1501694,28.40
12:11:41,34.1410217,-118.1501694,28.40
12:11:42,34.1410217,-118.1501694,28.40
12:11:43,34.1410217,-118.1501694,28.40
12:11:44,34.1410217,-118.1501694,28.40
12:11:45,34.1410217,-118.1501694,28.40
12:11:46,34.1410217,-118.1501694,28.40
12:11:47,34.1410217,-118.1501694,28.40
12:11:48,34.1410217,-118.1501694,28.40
12:11:49,34.1410217,-118.1501694,28.40
12:11:50,34.1410217,-118.1501694,28.40
12:11:51,34.1410217,-118.1501694,28.40
12:11:52,34.1410217,-118.1501694,28.40
12:11:53,34.1410217,-118.1501694,28.40
12:11:54,34.1410217,-118.1501694,28.40
12:11:55,34.1410217,-118.1501694,28.40
12:11:56,34.1410217,-118.1501694,28.40
12:11:57,34.1410217,-118.1501694,28.40
12:11:58,34.1410217,-118.1501694,28.40
12:11:59,34.1410217,-118.1501694,28.40
12:12:00,34.1410217,-118.1501694,28.40
12:12:01,34.1410217,-118.1501694,28.40
12:12:02,34.1410217,-118.1501694,28.40
12:12:03,34.1410217,-118.1501694,28.40
12:12:04,34.1410217,-118.1501694,28.40
12:12:05,34.1410217,-118.1501694,28.40
12:12:06,34.1410217,-118.1501694,28.40
12:12:07,34.1410217,-118.1501694,28.40
12:12:08,34.1410217,-118.1501694,28.40
12:12:09,34.1410217,-118.1501694,28.40
12:12:10,34.1410217,-118.1501694,28.40
12:12:11,34.1410217,-118.1501694,28.40
12:12:12,34.1410217,-118.1501694,28.40
12:12:13,34.1410217,-118.1501694,28.40
12:12:14,34.1410217,-118.1501694,28.40
12:12:15,34.1410217,-118.1501694,28.40
12:12:16,34.1410217,-118.1501694,28.30
12:12:17,34.1410217,-118.1501694,28.30
12:12:18,34.1410217,-118.1501694,28.40
12:12:19,34.1410217,-118.1501694,28.30
12:12:20,34.1410217,-118.1501694,28.30
12:12:21,34.1410217,-118.1501694,28.40
12:12:22,34.1410217,-118.1501694,28.40
12:12:23,34.1410217,-118.1501694,28.30
12:12:24,34.1410217,-118.1501694,28.40
12:12:25,34.1410255,-118.1501694,28.40
12:12:26,34.1410255,-118.1501694,28.30
12:12:27,34.1410255,-118.1501694,28.40
12:12:28,34.1410255,-118.1501694,28.30
12:12:29,34.1410217,-118.1501694,28.40
12:12:30,34.1410217,-118.1501694,28.40
12:12:31,34.1410255,-118.1501694,28.40
12:12:32,34.1410255,-118.1501694,28.40
12:12:33,34.1410294,-118.1501617,28.40
12:12:34,34.1410332,-118.1501617,28.30
12:12:35,34.1410332,-118.1501617,28.40
12:12:36,34.1410332,-118.1501617,28.40
12:12:37,34.1410599,-118.1501389,28.40
12:12:38,34.1410637,-118.1501312,28.40
12:12:39,34.1410675,-118.1501236,28.40
12:12:40,34.1410751,-118.1501160,28.40
12:12:41,34.1410751,-118.1501160,28.40
12:12:42,34.1410751,-118.1501160,28.40
12:12:59,34.1412239,-118.1499863,28.40
12:13:00,34.1412315,-118.1499786,28.40
12:13:01,34.1412392,-118.1499634,28.40
12:13:02,34.1412468,-118.1499557,28.40
12:13:03,34.1412544,-118.1499481,28.40
12:13:04,34.1412621,-118.1499329,28.40
12:13:05,34.1412621,-118.1499329,28.40
12:13:06,34.1412773,-118.1499176,28.40
12:13:07,34.1412849,-118.1499100,28.40
12:13:08,34.1412849,-118.1499100,28.50
12:13:09,34.1412849,-118.1499100,28.40
12:13:10,34.1413040,-118.1498871,28.50
12:13:11,34.1413040,-118.1498871,28.50
12:13:12,34.1413040,-118.1498871,28.50
12:13:13,34.1413269,-118.1498566,28.50
12:13:14,34.1413422,-118.1498566,28.50
12:13:15,34.1413498,-118.1498489,28.50
12:13:16,34.1413612,-118.1498413,28.50
12:13:17,34.1413612,-118.1498413,28.50
12:13:18,34.1413765,-118.1498337,28.50
12:13:19,34.1413803,-118.1498260,28.50
12:13:20,34.1413803,-118.1498260,28.50
12:13:21,34.1413803,-118.1498260,28.50
12:13:22,34.1414108,-118.1498184,28.50
12:13:23,34.1414299,-118.1498032,28.50
12:13:24,34.1414413,-118.1498032,28.50
12:13:25,34.1414413,-118.1498032,28.50
12:13:26,34.1414528,-118.1497955,28.50
12:13:27,34.1414604,-118.1497879,28.50
12:13:28,34.1414604,-118.1497879,28.50
12:13:29,34.1414833,-118.1497803,28.50
12:13:30,34.1414909,-118.1497803,28.50
12:13:31,34.1414986,-118.1497726,28.50
12:13:32,34.1414986,-118.1497726,28.60
12:13:33,34.1414986,-118.1497803,28.60
12:13:34,34.1414986,-118.1497803,28.70
12:13:35,34.1414986,-118.1497726,28.70
12:13:36,34.1414986,-118.1497726,28.70
12:13:37,34.1414986,-118.1497726,28.80
12:13:38,34.1414986,-118.1497726,28.80
12:13:39,34.1414986,-118.1497803,28.80
12:13:40,34.1414986,-118.1497803,28.80
12:13:41,34.1414986,-118.1497803,28.80
12:13:42,34.1414986,-118.1497803,28.80
12:13:43,34.1414986,-118.1497803,28.80
12:13:44,34.1415024,-118.1497879,28.80
12:13:45,34.1415062,-118.1497955,28.80
12:13:46,34.1415062,-118.1497955,28.80
12:13:47,34.1415100,-118.1498032,28.90
12:13:48,34.1415100,-118.1498108,28.90
12:13:49,34.1415100,-118.1498108,28.90
12:13:50,34.1415100,-118.1498108,28.80
12:13:51,34.1415100,-118.1498184,28.90
12:13:52,34.1415062,-118.1498184,28.90
12:13:53,34.1415062,-118.1498184,28.90
12:13:54,34.1415100,-118.1498260,29.00
12:13:55,34.1415100,-118.1498337,29.00
12:13:56,34.1415100,-118.1498337,29.00
12:13:57,34.1415100,-118.1498413,29.10
12:13:58,34.1415138,-118.1498489,29.10
12:13:59,34.1415138,-118.1498489,29.10
12:14:00,34.1415138,-118.1498642,29.10
12:14:01,34.1415138,-118.1498642,29.10
12:14:02,34.1415176,-118.1498642,29.00
12:14:03,34.1415176,-118.1498642,29.00
12:14:04,34.1415176,-118.1498718,29.00
12:14:05,34.1415176,-118.1498718,29.00
12:14:06,34.1415215,-118.1498795,29.00
12:14:07,34.1415253,-118.1498871,28.90
12:14:08,34.1415253,-118.1498871,29.00
12:14:09,34.1415367,-118.1498947,29.00
12:14:10,34.1415405,-118.1498947,28.90
12:14:11,34.1415405,-118.1498947,28.90
12:14:12,34.1415520,-118.1499100,28.90
12:14:13,34.1415596,-118.1499176,29.00
12:14:14,34.1415634,-118.1499176,29.00
12:14:15,34.1415634,-118.1499252,29.10
12:14:16,34.1415634,-118.1499252,29.10
12:14:17,34.1415672,-118.1499252,29.10
12:14:18,34.1415710,-118.1499329,29.10
12:14:19,34.1415710,-118.1499329,29.10
12:14:20,34.1415710,-118.1499329,29.20
12:14:21,34.1415749,-118.1499557,29.20
12:14:22,34.1415787,-118.1499634,29.30
12:14:23,34.1415787,-118.1499634,29.30
12:14:24,34.1415787,-118.1499634,29.30
12:14:25,34.1415825,-118.1499710,29.30
12:14:26,34.1415825,-118.1499710,29.30
12:14:27,34.1416016,-118.1499710,29.30
12:14:28,34.1416016,-118.1499710,29.30
12:14:29,34.1416016,-118.1499710,29.30
12:14:30,34.1416016,-118.1499710,29.30
12:14:31,34.1416016,-118.1499710,29.20
12:14:32,34.1416016,-118.1499710,29.40
12:14:33,34.1416016,-118.1499710,29.40
12:14:34,34.1415977,-118.1499710,29.40
12:14:35,34.1415977,-118.1499710,29.50
12:14:36,34.1415939,-118.1499710,29.50
12:14:37,34.1415939,-118.1499710,29.60
12:14:38,34.1415977,-118.1499786,29.60
12:14:39,34.1416016,-118.1499786,29.50
12:14:40,34.1416016,-118.1499786,29.50
12:14:41,34.1416054,-118.1499786,29.50
12:14:42,34.1416054,-118.1499786,29.50
12:14:59,34.1416435,-118.1500320,29.90
12:15:00,34.1416435,-118.1500320,29.90
12:15:01,34.1416588,-118.1500320,29.90
12:15:02,34.1416626,-118.1500320,29.90
12:15:03,34.1416664,-118.1500320,29.90
12:15:04,34.1416702,-118.1500320,29.90
12:15:05,34.1416779,-118.1500320,29.90
12:15:06,34.1416817,-118.1500320,29.90
12:15:07,34.1416817,-118.1500320,30.00
12:15:08,34.1416817,-118.1500320,30.00
12:15:09,34.1416817,-118.1500320,30.00
12:15:10,34.1416855,-118.1500320,30.10
12:15:11,34.1416855,-118.1500320,30.00
12:15:12,34.1416855,-118.1500397,30.00
12:15:13,34.1416855,-118.1500397,30.10
12:15:14,34.1416855,-118.1500397,30.10
12:15:15,34.1416855,-118.1500397,30.20
12:15:16,34.1416931,-118.1500397,30.20
12:15:17,34.1416931,-118.1500397,30.20
12:15:18,34.1416969,-118.1500397,30.20
12:15:19,34.1416969,-118.1500397,30.30
12:15:20,34.1416969,-118.1500473,30.30
12:15:21,34.1417007,-118.1500473,30.30
12:15:22,34.1417046,-118.1500549,30.40
12:15:23,34.1417046,-118.1500549,30.30
12:15:24,34.1417122,-118.1500549,30.30
12:15:25,34.1417198,-118.1500626,30.40
12:15:26,34.1417198,-118.1500626,30.40
12:15:27,34.1417313,-118.1500626,30.40
12:15:28,34.1417351,-118.1500702,30.40
12:15:29,34.1417351,-118.1500702,30.30
12:15:30,34.1417351,-118.1500702,30.40
12:15:31,34.1417351,-118.1500702,30.40
12:15:32,34.1417351,-118.1500702,30.40
12:15:33,34.1417465,-118.1500778,30.40
12:15:34,34.1417503,-118.1500778,30.40
12:15:35,34.1417503,-118.1500778,30.40
12:15:36,34.1417503,-118.1500778,30.40
12:15:37,34.1417465,-118.1500778,30.40
12:15:38,34.1417465,-118.1500778,30.40
12:15:39,34.1417465,-118.1500778,30.40
12:15:40,34.1417503,-118.1500854,30.40
12:15:41,34.1417503,-118.1500854,30.40
12:15:42,34.1417542,-118.1500854,30.40
12:15:43,34.1417542,-118.1500854,30.40
12:15:44,34.1417542,-118.1500854,30.40
12:15:45,34.1417580,-118.1500854,30.40
12:15:46,34.1417580,-118.1500931,30.40
12:15:47,34.1417580,-118.1500931,30.40
12:15:48,34.1417580,-118.1500931,30.40
12:15:49,34.1417618,-118.1500931,30.40
12:15:50,34.1417618,-118.1500931,30.40
12:15:51,34.1417694,-118.1500931,30.40
12:15:52,34.1417694,-118.1500931,30.40
12:15:53,34.1417732,-118.1500931,30.40
12:15:54,34.1417732,-118.1500931,30.40
12:15:55,34.1417732,-118.1501007,30.40
12:15:56,34.1417732,-118.1501007,30.40
12:15:57,34.1417732,-118.1501007,30.40
12:15:58,34.1417809,-118.1501083,30.50
12:15:59,34.1417809,-118.1501083,30.40
12:16:00,34.1417847,-118.1501083,30.40
12:16:01,34.1417885,-118.1501007,30.40
12:16:02,34.1417885,-118.1501007,30.40
12:16:03,34.1417885,-118.1501007,30.40
12:16:04,34.1417923,-118.1501007,30.40
12:16:05,34.1417923,-118.1501007,30.40
12:16:06,34.1417923,-118.1501007,30.40
12:16:07,34.1417885,-118.1501083,30.40
12:16:08,34.1417885,-118.1501083,30.40
12:16:09,34.1417885,-118.1501083,30.40
12:16:10,34.1417847,-118.1501083,30.40
12:16:11,34.1417847,-118.1501083,30.40
12:16:12,34.1417847,-118.1501083,30.40
12:16:13,34.1417847,-118.1501160,30.40
12:16:14,34.1417847,-118.1501160,30.40
12:16:15,34.1417847,-118.1501160,30.40
12:16:16,34.1417847,-118.1501160,30.40
12:16:17,34.1417847,-118.1501160,30.40
12:16:18,34.1417847,-118.1501160,30.40
12:16:19,34.1417847,-118.1501160,30.40
12:16:20,34.1417885,-118.1501160,30.40
12:16:21,34.1417923,-118.1501160,30.40
12:16:22,34.1417923,-118.1501160,30.40
12:16:23,34.1417923,-118.1501160,30.40
12:16:24,34.1417999,-118.1501236,30.40
12:16:25,34.1417999,-118.1501236,30.40
12:16:26,34.1417999,-118.1501236,30.40
12:16:27,34.1417999,-118.1501236,30.40
12:16:28,34.1418190,-118.1501312,30.50
12:16:29,34.1418228,-118.1501312,30.50
12:16:30,34.1418228,-118.1501312,30.50
12:16:31,34.1418228,-118.1501236,30.60
12:16:32,34.1418228,-118.1501312,30.60
12:16:33,34.1418228,-118.1501312,30.70
12:16:50,34.1418266,-118.1501389,31.10
12:16:51,34.1418266,-118.1501389,31.10
12:16:52,34.1418266,-118.1501389,31.10
12:16:53,34.1418266,-118.1501389,31.10
12:16:54,34.1418266,-118.1501389,31.20
12:16:55,34.1418266,-118.1501389,31.20
12:16:56,34.1418266,-118.1501389,31.20
12:16:57,34.1418266,-118.1501389,31.20
12:16:58,34.1418266,-118.1501389,31.20
12:16:59,34.1418266,-118.1501389,31.30
12:17:00,34.1418266,-118.1501389,31.30
12:17:01,34.1418266,-118.1501389,31.30
12:17:02,34.1418266,-118.1501389,31.30
12:17:03,34.1418266,-118.1501389,31.30
12:17:04,34.1418266,-118.1501389,31.40
12:17:05,34.1418266,-118.1501389,31.40
12:17:06,34.1418266,-118.1501389,31.40
12:17:07,34.1418266,-118.1501389,31.40
12:17:08,34.1418266,-118.1501389,31.40
12:17:09,34.1418266,-118.1501389,31.50
12:17:10,34.1418266,-118.1501389,31.50
12:17:11,34.1418266,-118.1501389,31.50
12:17:12,34.1418266,-118.1501389,31.50
12:17:13,34.1418266,-118.1501389,31.50
12:17:14,34.1418266,-118.1501389,31.50
12:17:15,34.1418266,-118.1501389,31.50
12:17:16,34.1418266,-118.1501389,31.50
12:17:17,34.1418266,-118.1501389,31.40
12:17:18,34.1418266,-118.1501389,31.50
12:17:19,34.1418266,-118.1501389,31.50
12:17:20,34.1418266,-118.1501389,31.40
12:17:21,34.1418266,-118.1501389,31.50
12:17:22,34.1418266,-118.1501389,31.50
12:17:23,34.1418266,-118.1501389,31.50
12:17:24,34.1418266,-118.1501389,31.50
12:17:25,34.1418266,-118.1501389,31.50
12:17:26,34.1418266,-118.1501389,31.50
12:17:27,34.1418266,-118.1501389,31.50
12:17:28,34.1418266,-118.1501389,31.50
12:17:29,34.1418266,-118.1501389,31.50
12:17:30,34.1418266,-118.1501389,31.60
12:17:31,34.1418266,-118.1501389,31.60
12:17:32,34.1418266,-118.1501389,31.70
12:17:33,34.1418266,-118.1501389,31.70
12:17:34,34.1418266,-118.1501389,31.70
12:17:35,34.1418266,-118.1501389,31.70
12:17:36,34.1418266,-118.1501389,31.70
12:17:37,34.1418266,-118.1501389,31.70
12:17:38,34.1418266,-118.1501389,31.70
12:17:39,34.1418266,-118.1501389,31.80
12:17:40,34.1418266,-118.1501389,31.70
12:17:41,34.1418304,-118.1501389,31.70
12:17:42,34.1418343,-118.1501465,31.80
12:17:43,34.1418343,-118.1501465,31.80
12:17:44,34.1418343,-118.1501465,31.80
12:17:45,34.1418571,-118.1501465,31.80
12:17:46,34.1418571,-118.1501465,31.80
12:17:47,34.1418686,-118.1501541,31.80
12:17:48,34.1418686,-118.1501541,31.80
12:17:49,34.1418800,-118.1501541,31.80
12:17:50,34.1418800,-118.1501541,31.80
12:17:51,34.1418800,-118.1501541,31.80
12:17:52,34.1418839,-118.1501541,31.80
12:17:53,34.1418800,-118.1501465,31.80
12:17:54,34.1418800,-118.1501541,31.80
12:17:55,34.1418800,-118.1501541,31.80
12:17:56,34.1418800,-118.1501541,31.70
12:17:57,34.1418839,-118.1501617,31.70
12:17:58,34.1418839,-118.1501617,31.70
12:17:59,34.1418839,-118.1501617,31.80
12:18:00,34.1418877,-118.1501617,31.80
12:18:01,34.1418877,-118.1501617,31.90
12:18:02,34.1418877,-118.1501617,31.80
12:18:03,34.1418877,-118.1501617,31.80
12:18:04,34.1418915,-118.1501694,31.90
12:18:05,34.1418915,-118.1501770,31.80
12:18:06,34.1418915,-118.1501770,31.80
12:18:07,34.1418915,-118.1501770,31.80
12:18:08,34.1418953,-118.1501770,31.80
12:18:09,34.1418991,-118.1501770,31.80
12:18:10,34.1419067,-118.1501770,31.90
12:18:11,34.1419067,-118.1501770,31.90
12:18:12,34.1419067,-118.1501770,32.00
12:18:13,34.1419182,-118.1501846,32.00
12:18:14,34.1419182,-118.1501846,32.00
12:18:15,34.1419220,-118.1501846,32.10
12:18:16,34.1419334,-118.1501846,32.00
12:18:17,34.1419334,-118.1501846,32.00
12:18:18,34.1419487,-118.1501846,32.00
12:18:19,34.1419487,-118.1501846,31.90
12:18:20,34.1419563,-118.1501846,31.90
12:18:21,34.1419563,-118.1501846,31.90
12:18:22,34.1419716,-118.1501770,31.90
12:18:23,34.1419754,-118.1501846,31.90
12:18:24,34.1419754,-118.1501846,31.90
12:18:25,34.1419754,-118.1501846,31.90
12:18:26,34.1419754,-118.1501846,31.90
12:18:27,34.1419830,-118.1501846,31.90
12:18:28,34.1419907,-118.1501846,31.90
12:18:29,34.1419907,-118.1501846,31.90
12:18:30,34.1419907,-118.1501846,31.90
12:18:31,34.1419907,-118.1501846,31.90
12:18:32,34.1419907,-118.1501846,31.90
12:18:33,34.1419907,-118.1501846,31.80
12:18:34,34.1419983,-118.1501846,31.80
12:18:35,34.1419983,-118.1501846,31.80
12:18:36,34.1420021,-118.1501846,31.90
12:18:37,34.1420021,-118.1501846,31.90
12:18:38,34.1420021,-118.1501846,31.90
12:18:39,34.1420021,-118.1501846,31.90
12:18:40,34.1420021,-118.1501846,31.90
12:18:41,34.1420021,-118.1501846,31.90
12:18:42,34.1420021,-118.1501846,31.90
12:18:43,34.1420097,-118.1501846,31.90
12:18:44,34.1420097,-118.1501846,31.90
12:19:01,34.1420326,-118.1501770,31.90
12:19:02,34.1420326,-118.1501770,31.90
12:19:03,34.1420326,-118.1501770,31.90
12:19:04,34.1420326,-118.1501770,31.90
12:19:05,34.1420364,-118.1501770,31.90
12:19:06,34.1420364,-118.1501770,31.90
12:19:07,34.1420364,-118.1501694,31.90
12:19:08,34.1420364,-118.1501694,31.90
12:19:09,34.1420364,-118.1501694,31.90
12:19:10,34.1420364,-118.1501694,31.90
12:19:11,34.1420364,-118.1501694,31.90
12:19:12,34.1420364,-118.1501694,31.90
12:19:13,34.1420364,-118.1501694,31.90
12:19:14,34.1420364,-118.1501694,31.90
12:19:15,34.1420364,-118.1501694,31.80
12:19:16,34.1420326,-118.1501694,31.90
12:19:17,34.1420326,-118.1501694,31.90
12:19:18,34.1420326,-118.1501694,31.80
12:19:19,34.1420326,-118.1501694,31.80
12:19:20,34.1420326,-118.1501694,31.80
12:20:37,34.1422310,-118.1497650,30.80
12:20:38,34.1422424,-118.1497421,30.80
12:20:39,34.1422539,-118.1497269,30.80
12:20:40,34.1422539,-118.1497269,30.80
12:20:41,34.1422691,-118.1497192,30.80
12:20:42,34.1422691,-118.1497192,30.80
12:20:43,34.1422691,-118.1497192,30.70
12:20:44,34.1422768,-118.1497269,30.80
12:21:48,34.1422806,-118.1497269,31.40
12:21:49,34.1422806,-118.1497269,31.50
12:21:50,34.1422806,-118.1497269,31.50
12:21:51,34.1422806,-118.1497269,31.50
12:21:52,34.1422806,-118.1497269,31.50
12:21:53,34.1422806,-118.1497269,31.50
12:21:54,34.1422806,-118.1497269,31.50
12:21:55,34.1422806,-118.1497269,31.50
12:21:56,34.1422806,-118.1497269,31.50
12:21:57,34.1422806,-118.1497269,31.50
12:21:58,34.1422806,-118.1497269,31.50
12:21:59,34.1422806,-118.1497269,31.60
12:22:00,34.1422806,-118.1497269,31.60
12:22:01,34.1422806,-118.1497269,31.60
12:22:02,34.1422806,-118.1497269,31.60
12:22:03,34.1422806,-118.1497269,31.60
12:22:04,34.1422806,-118.1497269,31.60
12:22:05,34.1422806,-118.1497269,31.60
12:22:06,34.1422806,-118.1497269,31.60
12:22:07,34.1422806,-118.1497269,31.60
12:22:08,34.1422806,-118.1497269,31.60
12:22:09,34.1422806,-118.1497269,31.60
12:22:10,34.1422806,-118.1497269,31.60
12:22:11,34.1422806,-118.1497269,31.60
12:22:12,34.1422806,-118.1497269,31.70
12:22:13,34.1422806,-118.1497269,31.70
12:22:14,34.1422806,-118.1497269,31.70
12:22:15,34.1422806,-118.1497269,31.70
12:22:16,34.1422806,-118.1497269,31.70
12:22:17,34.1422806,-118.1497269,31.70
12:22:18,34.1422806,-118.1497269,31.70
12:22:19,34.1422806,-118.1497269,31.70
12:22:20,34.1422806,-118.1497269,31.70
12:22:21,34.1422806,-118.1497269,31.70
12:22:22,34.1422806,-118.1497269,31.70
12:22:23,34.1422806,-118.1497269,31.80
12:22:24,34.1422806,-118.1497269,31.80
12:22:25,34.1422806,-118.1497269,31.80
12:22:26,34.1422806,-118.1497269,31.80
12:22:27,34.1422806,-118.1497269,31.80
12:22:28,34.1422806,-118.1497269,31.80
12:22:29,34.1422806,-118.1497269,31.80
12:22:30,34.1422806,-118.1497269,31.80
12:22:31,34.1422806,-118.1497269,31.80
12:22:32,34.1422806,-118.1497269,31.80
12:22:33,34.1422806,-118.1497269,31.80
12:22:34,34.1422806,-118.1497269,31.90
12:22:35,34.1422806,-118.1497269,31.90
12:22:36,34.1422806,-118.1497269,31.90
12:22:37,34.1422806,-118.1497269,31.90
12:22:38,34.1422806,-118.1497269,31.90
12:22:39,34.1422806,-118.1497269,31.90
12:22:40,34.1422806,-118.1497269,31.90
12:22:41,34.1422806,-118.1497269,31.90
12:22:42,34.1422806,-118.1497269,32.00
12:22:43,34.1422806,-118.1497269,32.00
12:22:44,34.1422806,-118.1497269,32.00
12:22:45,34.1422806,-118.1497269,32.00
12:23:02,34.1422806,-118.1497269,32.10
12:23:03,34.1422806,-118.1497269,32.10
12:23:04,34.1422806,-118.1497269,32.10
12:23:05,34.1422806,-118.1497269,32.20
12:23:06,34.1422806,-118.1497269,32.20
12:23:07,34.1422806,-118.1497269,32.20
12:23:08,34.1422806,-118.1497269,32.20
12:23:09,34.1422806,-118.1497269,32.20
12:23:10,34.1422806,-118.1497269,32.20
12:23:11,34.1422806,-118.1497269,32.20
12:23:12,34.1422806,-118.1497269,32.20
12:23:13,34.1422806,-118.1497269,32.20
12:23:14,34.1422806,-118.1497269,32.20
12:23:15,34.1422806,-118.1497269,32.20
12:23:16,34.1422768,-118.1497269,32.30
12:23:17,34.1422768,-118.1497269,32.30
12:23:18,34.1422729,-118.1497269,32.20
12:23:19,34.1422729,-118.1497269,32.40
12:23:20,34.1422729,-118.1497269,32.40
12:23:21,34.1422729,-118.1497269,32.40
12:23:22,34.1422729,-118.1497269,32.40
12:23:23,34.1422729,-118.1497269,32.50
12:23:24,34.1422729,-118.1497269,32.50
12:23:25,34.1422729,-118.1497269,32.40
12:23:26,34.1422768,-118.1497345,32.40
12:23:27,34.1422768,-118.1497345,32.50
12:23:28,34.1422768,-118.1497345,32.60
12:23:29,34.1422768,-118.1497421,32.60
12:23:30,34.1422768,-118.1497421,32.60
12:23:31,34.1422768,-118.1497421,32.60
12:23:32,34.1422768,-118.1497421,32.60
12:23:33,34.1422768,-118.1497421,32.60
12:23:34,34.1422806,-118.1497421,32.70
12:23:35,34.1422806,-118.1497421,32.70
12:23:36,34.1422806,-118.1497421,32.70
12:23:37,34.1422806,-118.1497421,32.70
12:23:38,34.1422806,-118.1497421,32.70
12:23:39,34.1422806,-118.1497421,32.70
12:23:40,34.1422806,-118.1497421,32.70
12:23:41,34.1422806,-118.1497421,32.70
12:23:42,34.1422806,-118.1497421,32.70
12:23:43,34.1422768,-118.1497421,32.80
12:23:44,34.1422768,-118.1497345,32.80
12:23:45,34.1422768,-118.1497345,32.80
12:23:46,34.1422768,-118.1497421,32.80
12:23:47,34.1422768,-118.1497421,32.80
12:23:48,34.1422768,-118.1497421,32.80
12:23:49,34.1422768,-118.1497421,32.80
12:23:50,34.1422768,-118.1497421,32.80
12:23:51,34.1422768,-118.1497421,32.80
12:23:52,34.1422768,-118.1497421,32.80
12:23:53,34.1422768,-118.1497421,32.80
12:23:54,34.1422768,-118.1497421,32.80
12:23:55,34.1422768,-118.1497421,32.80
12:23:56,34.1422768,-118.1497421,32.80
12:23:57,34.1422768,-118.1497421,32.80
12:23:58,34.1422768,-118.1497421,32.80
12:23:59,34.1422768,-118.1497421,32.80
12:24:00,34.1422768,-118.1497421,32.80
12:24:01,34.1422768,-118.1497421,32.80
12:24:02,34.1422768,-118.1497421,32.80
12:24:19,34.1422768,-118.1497421,33.00
12:24:20,34.1422768,-118.1497421,33.00
12:24:21,34.1422768,-118.1497421,33.00
12:24:22,34.1422768,-118.1497421,33.00
12:24:23,34.1422768,-118.1497421,33.10
12:24:24,34.1422768,-118.1497421,33.00
12:24:25,34.1422768,-118.1497421,33.10
12:24:26,34.1422768,-118.1497421,33.10
12:24:27,34.1422768,-118.1497421,33.10
12:24:44,34.1422768,-118.1497421,33.20
12:24:45,34.1422768,-118.1497421,33.20
12:25:02,34.1422768,-118.1497421,33.30
12:25:03,34.1422768,-118.1497421,33.50
12:25:04,34.1422768,-118.1497421,33.40
12:25:05,34.1422768,-118.1497421,33.40
12:25:06,34.1422768,-118.1497421,33.40
12:25:07,34.1422768,-118.1497421,33.40
12:25:08,34.1422768,-118.1497421,33.40
12:25:09,34.1422768,-118.1497421,33.40
12:25:10,34.1422768,-118.1497421,33.40
12:25:11,34.1422768,-118.1497421,33.40
12:25:12,34.1422768,-118.1497421,33.50
12:25:13,34.1422768,-118.1497421,33.50
12:25:30,34.1422768,-118.1497421,33.50
12:25:31,34.1422768,-118.1497421,33.50
12:25:32,34.1422768,-118.1497421,33.50
12:25:33,34.1422768,-118.1497421,33.50
12:25:34,34.1422806,-118.1497421,33.50
12:25:35,34.1422806,-118.1497421,33.50
12:25:36,34.1422806,-118.1497421,33.50
12:25:37,34.1422806,-118.1497421,33.50
12:25:38,34.1422806,-118.1497421,33.50
12:25:39,34.1422806,-118.1497421,33.60
12:25:40,34.1422806,-118.1497421,33.50
12:25:41,34.1422806,-118.1497421,33.50
12:25:42,34.1422806,-118.1497421,33.50
12:25:43,34.1422806,-118.1497421,33.50
12:25:44,34.1422806,-118.1497421,33.50
12:25:45,34.1422806,-118.1497421,33.60
12:25:46,34.1422806,-118.1497421,33.60
12:25:47,34.1422768,-118.1497421,33.60
12:25:48,34.1422768,-118.1497421,33.60
12:25:49,34.1422768,-118.1497421,33.60
12:25:50,34.1422768,-118.1497421,33.60
12:25:51,34.1422768,-118.1497421,33.60
12:25:52,34.1422768,-118.1497421,33.60
12:25:53,34.1422768,-118.1497421,33.60
12:25:54,34.1422768,-118.1497421,33.60
12:25:55,34.1422768,-118.1497421,33.60
12:25:56,34.1422768,-118.1497421,33.60
12:25:57,34.1422806,-118.1497421,33.60
12:25:58,34.1422806,-118.1497421,33.60
12:25:59,34.1422806,-118.1497421,33.60
12:26:00,34.1422806,-118.1497421,33.60
12:26:01,34.1422806,-118.1497421,33.60
12:26:02,34.1422806,-118.1497421,33.60
12:26:03,34.1422806,-118.1497421,33.70
12:26:04,34.1422806,-118.1497421,33.60
12:26:05,34.1422806,-118.1497421,33.60
12:26:06,34.1422806,-118.1497421,33.60
12:26:07,34.1422806,-118.1497421,33.50
12:26:08,34.1422806,-118.1497421,33.50
12:26:09,34.1422806,-118.1497421,33.50
12:26:10,34.1422806,-118.1497421,33.40
12:26:11,34.1422806,-118.1497421,33.40
12:26:12,34.1422806,-118.1497421,33.40
12:26:13,34.1422806,-118.1497421,33.40
12:26:14,34.1422806,-118.1497421,33.30
12:26:15,34.1422806,-118.1497421,33.30
12:26:16,34.1422806,-118.1497421,33.30
12:26:17,34.1422806,-118.1497421,33.30
12:26:18,34.1422806,-118.1497421,33.30
12:26:19,34.1422806,-118.1497421,33.30
12:26:20,34.1422806,-118.1497421,33.30
12:26:21,34.1422806,-118.1497421,33.30
12:26:22,34.1422806,-118.1497345,33.20
12:26:23,34.1422806,-118.1497345,33.20
12:26:24,34.1422806,-118.1497345,33.20
12:26:25,34.1422806,-118.1497345,33.20
12:26:26,34.1422806,-118.1497345,33.20
12:26:27,34.1422844,-118.1497116,33.20
12:26:28,34.1422844,-118.1497116,33.20
12:26:29,34.1422844,-118.1496887,33.10
12:26:30,34.1422844,-118.1496887,33.10
12:26:31,34.1422844,-118.1496887,33.10
12:26:32,34.1422882,-118.1496811,33.10
12:26:33,34.1422882,-118.1496811,33.10
12:26:34,34.1422844,-118.1496658,33.00
12:26:35,34.1422844,-118.1496658,33.00
12:26:36,34.1422844,-118.1496658,33.00
12:26:37,34.1422844,-118.1496658,33.00
12:26:38,34.1422844,-118.1496658,33.00
12:26:39,34.1422844,-118.1496506,32.90
12:26:40,34.1422844,-118.1496506,32.90
12:26:41,34.1422844,-118.1496506,32.90
12:26:42,34.1422844,-118.1496506,32.90
12:26:43,34.1422844,-118.1496429,32.90
12:26:44,34.1422844,-118.1496429,32.80
12:26:45,34.1422806,-118.1496429,32.80
12:28:02,34.1422691,-118.1496048,31.40
12:28:03,34.1422653,-118.1496048,31.40
12:28:04,34.1422653,-118.1496048,31.40
12:28:05,34.1422653,-118.1496124,31.40
12:28:06,34.1422653,-118.1496124,31.30
12:28:07,34.1422653,-118.1496124,31.30
12:28:08,34.1422653,-118.1496124,31.30
12:28:09,34.1422653,-118.1496124,31.30
12:28:10,34.1422653,-118.1496124,31.30
12:28:11,34.1422615,-118.1496124,31.30
12:28:28,34.1422462,-118.1496201,31.10
12:28:29,34.1422462,-118.1496201,31.10
12:28:30,34.1422462,-118.1496277,31.10
12:28:31,34.1422462,-118.1496277,31.10
12:28:32,34.1422424,-118.1496277,31.10
12:28:33,34.1422424,-118.1496277,31.00
12:28:34,34.1422386,-118.1496277,31.00
12:28:35,34.1422386,-118.1496277,31.00
12:28:36,34.1422386,-118.1496277,31.00
12:28:37,34.1422386,-118.1496277,31.00
12:28:38,34.1422386,-118.1496277,31.00
12:28:39,34.1422348,-118.1496277,31.00
12:28:40,34.1422348,-118.1496277,31.00
12:28:41,34.1422348,-118.1496277,31.00
12:28:42,34.1422348,-118.1496277,31.00
12:28:43,34.1422310,-118.1496277,31.00
12:28:44,34.1422310,-118.1496277,31.00
12:28:45,34.1422310,-118.1496277,31.00
12:29:04,34.1422234,-118.1496429,30.90
12:29:05,34.1422234,-118.1496429,30.90
12:29:06,34.1422234,-118.1496506,30.80
12:29:07,34.1422234,-118.1496506,30.90
12:29:08,34.1422234,-118.1496506,30.80
12:29:09,34.1422234,-118.1496506,30.80
12:29:10,34.1422234,-118.1496506,30.80
12:29:11,34.1422234,-118.1496506,30.80
12:29:12,34.1422234,-118.1496582,30.80
12:29:13,34.1422195,-118.1496582,30.80
12:29:14,34.1422195,-118.1496582,30.80
12:29:15,34.1422195,-118.1496582,30.80
12:29:16,34.1422119,-118.1496658,30.80
12:29:17,34.1422119,-118.1496658,30.80
12:29:18,34.1422081,-118.1496735,30.80
12:29:19,34.1422043,-118.1496735,30.80
12:29:20,34.1421967,-118.1496811,30.80
12:29:21,34.1421967,-118.1496811,30.80
12:29:22,34.1421967,-118.1496811,30.80
12:29:23,34.1421967,-118.1496811,30.80
12:29:24,34.1421967,-118.1496811,30.70
12:29:25,34.1421928,-118.1496887,30.70
12:29:26,34.1421928,-118.1496887,30.70
12:29:27,34.1421928,-118.1496887,30.70
12:29:28,34.1421928,-118.1496887,30.70
12:29:29,34.1421928,-118.1496887,30.70
12:29:30,34.1421928,-118.1496964,30.70
12:29:31,34.1421928,-118.1496964,30.70
12:29:32,34.1421928,-118.1496887,30.70
12:29:33,34.1421928,-118.1496887,30.70
12:29:34,34.1421928,-118.1496887,30.70
12:29:35,34.1421928,-118.1496887,30.70
12:29:36,34.1421967,-118.1496811,30.70
12:29:37,34.1421967,-118.1496811,30.70
12:29:38,34.1421967,-118.1496811,30.70
12:29:39,34.1422005,-118.1496811,30.70
12:29:40,34.1422043,-118.1496811,30.60
12:29:41,34.1422043,-118.1496811,30.60
12:29:42,34.1422119,-118.1496887,30.60
12:29:43,34.1422119,-118.1496887,30.60
12:29:44,34.1422119,-118.1496887,30.60
12:29:45,34.1422157,-118.1496887,30.60
12:29:46,34.1422157,-118.1496887,30.60
12:29:47,34.1422157,-118.1496887,30.60
12:29:48,34.1422157,-118.1496887,30.60
12:29:49,34.1422272,-118.1496964,30.60
12:29:50,34.1422386,-118.1496964,30.60
12:29:51,34.1422424,-118.1496964,30.60
12:29:52,34.1422424,-118.1496964,30.60
12:29:53,34.1422501,-118.1497040,30.60
12:29:54,34.1422501,-118.1497040,30.60
12:29:55,34.1422501,-118.1497040,30.60
12:29:56,34.1422501,-118.1497040,30.60
12:29:57,34.1422386,-118.1496964,30.60
12:29:58,34.1422386,-118.1497040,30.60
12:29:59,34.1422386,-118.1497040,30.60
12:30:00,34.1422386,-118.1497040,30.50
12:30:01,34.1422386,-118.1497040,30.50
12:30:02,34.1422386,-118.1497116,30.50
12:30:03,34.1422386,-118.1497116,30.60
12:30:04,34.1422348,-118.1497116,30.50
12:30:05,34.1422348,-118.1497040,30.60
12:30:06,34.1422272,-118.1496964,30.60
12:30:07,34.1422234,-118.1496964,30.50
12:30:08,34.1422234,-118.1496964,30.50
12:30:09,34.1422234,-118.1496887,30.50
12:30:10,34.1422272,-118.1496811,30.50
12:30:11,34.1422272,-118.1496887,30.50
12:30:12,34.1422272,-118.1496887,30.50
12:30:13,34.1422272,-118.1496887,30.50
12:30:14,34.1422272,-118.1496811,30.50
12:30:15,34.1422234,-118.1496811,30.50
12:30:16,34.1422234,-118.1496735,30.50
12:30:17,34.1422234,-118.1496735,30.50
12:30:18,34.1422272,-118.1496811,30.50
12:30:19,34.1422272,-118.1496811,30.50
12:30:20,34.1422272,-118.1496811,30.50
12:30:21,34.1422272,-118.1496811,30.50
12:30:22,34.1422234,-118.1496735,30.50
12:30:23,34.1422234,-118.1496735,30.50
12:30:24,34.1422234,-118.1496735,30.50
12:30:25,34.1422272,-118.1496735,30.50
12:30:26,34.1422272,-118.1496735,30.50
12:30:27,34.1422272,-118.1496735,30.50
12:30:28,34.1422272,-118.1496811,30.50
12:30:29,34.1422272,-118.1496811,30.50
12:30:30,34.1422272,-118.1496811,30.50
12:30:31,34.1422272,-118.1496811,30.50
12:30:32,34.1422272,-118.1496811,30.50
12:30:33,34.1422272,-118.1496811,30.40
12:30:34,34.1422272,-118.1496811,30.40
12:30:35,34.1422272,-118.1496811,30.40
12:30:36,34.1422272,-118.1496811,30.40
12:30:37,34.1422272,-118.1496811,30.40
12:30:38,34.1422272,-118.1496811,30.40
12:30:39,34.1422272,-118.1496811,30.40
12:30:40,34.1422272,-118.1496811,30.40
12:30:41,34.1422272,-118.1496811,30.40
12:30:42,34.1422272,-118.1496811,30.40
12:30:43,34.1422272,-118.1496811,30.40
12:31:00,34.1422272,-118.1496811,30.40
12:31:01,34.1422272,-118.1496811,30.40
12:31:02,34.1422272,-118.1496811,30.40
12:31:03,34.1422272,-118.1496811,30.40
12:31:04,34.1422272,-118.1496811,30.40
12:31:05,34.1422272,-118.1496811,30.40
12:31:06,34.1422272,-118.1496811,30.40
12:31:07,34.1422272,-118.1496811,30.40
12:31:08,34.1422272,-118.1496811,30.40
12:31:09,34.1422272,-118.1496811,30.40
12:31:10,34.1422272,-118.1496811,30.40
12:31:11,34.1422272,-118.1496811,30.40
12:31:12,34.1422272,-118.1496811,30.40
12:31:13,34.1422272,-118.1496811,30.40
12:31:14,34.1422272,-118.1496811,30.40
12:31:15,34.1422272,-118.1496811,30.40
12:31:16,34.1422272,-118.1496811,30.40
12:31:33,34.1422272,-118.1496811,30.40
12:31:34,34.1422272,-118.1496811,30.40
12:31:35,34.1422272,-118.1496811,30.40
12:31:36,34.1422272,-118.1496811,30.40
12:31:37,34.1422272,-118.1496811,30.40
12:31:38,34.1422272,-118.1496811,30.40
12:31:39,34.1422272,-118.1496735,30.40
12:31:40,34.1422272,-118.1496735,30.40
12:31:41,34.1422272,-118.1496735,30.40
12:31:42,34.1422272,-118.1496735,30.40
12:31:43,34.1422272,-118.1496735,30.40
12:31:44,34.1422272,-118.1496735,30.40
12:31:45,34.1422272,-118.1496735,30.40
12:31:46,34.1422272,-118.1496735,30.40
12:31:47,34.1422272,-118.1496735,30.40
12:31:48,34.1422272,-118.1496735,30.40
12:31:49,34.1422272,-118.1496735,30.40
12:31:50,34.1422272,-118.1496735,30.40
12:31:51,34.1422272,-118.1496735,30.40
12:31:52,34.1422272,-118.1496735,30.40
12:31:53,34.1422272,-118.1496735,30.40
12:31:54,34.1422272,-118.1496735,30.40
12:31:55,34.1422272,-118.1496735,30.40
12:31:56,34.1422272,-118.1496735,30.40
12:31:57,34.1422272,-118.1496735,30.40
12:31:58,34.1422272,-118.1496735,30.50
12:31:59,34.1422272,-118.1496735,30.40
12:32:00,34.1422272,-118.1496735,30.40
12:32:01,34.1422272,-118.1496735,30.50
12:32:02,34.1422272,-118.1496735,30.50
12:32:03,34.1422272,-118.1496735,30.50
12:32:04,34.1422272,-118.1496735,30.50
12:32:05,34.1422272,-118.1496735,30.50
12:32:06,34.1422272,-118.1496735,30.50
12:32:07,34.1422272,-118.1496735,30.50
12:32:08,34.1422272,-118.1496735,30.50
12:32:09,34.1422272,-118.1496735,30.50
12:32:10,34.1422272,-118.1496735,30.50
12:32:11,34.1422272,-118.1496735,30.50
12:32:12,34.1422272,-118.1496735,30.50
12:32:13,34.1422272,-118.1496735,30.50
12:32:14,34.1422272,-118.1496735,30.50
12:32:15,34.1422272,-118.1496735,30.50
12:32:16,34.1422272,-118.1496735,30.50
12:32:17,34.1422272,-118.1496735,30.50
12:32:18,34.1422272,-118.1496735,30.50
12:32:19,34.1422272,-118.1496735,30.50
12:32:20,34.1422272,-118.1496735,30.50
12:32:21,34.1422272,-118.1496735,30.50
12:32:22,34.1422272,-118.1496735,30.50
12:32:23,34.1422272,-118.1496735,30.50
12:32:24,34.1422272,-118.1496735,30.50
12:32:25,34.1422272,-118.1496735,30.50
12:32:26,34.1422272,-118.1496735,30.50
12:32:27,34.1422272,-118.1496735,30.60
12:32:28,34.1422272,-118.1496735,30.50
12:32:29,34.1422272,-118.1496735,30.60
12:32:30,34.1422272,-118.1496735,30.60
12:32:31,34.1422272,-118.1496735,30.60
12:32:32,34.1422272,-118.1496735,30.60
12:32:33,34.1422272,-118.1496735,30.60
12:32:34,34.1422272,-118.1496735,30.60
12:32:35,34.1422272,-118.1496735,30.60
12:32:36,34.1422272,-118.1496735,30.60
12:32:37,34.1422272,-118.1496735,30.60
12:32:38,34.1422272,-118.1496735,30.60
12:32:39,34.1422272,-118.1496735,30.60
12:32:40,34.1422272,-118.1496735,30.60
12:32:41,34.1422272,-118.1496735,30.60
12:32:42,34.1422272,-118.1496735,30.60
12:32:43,34.1422272,-118.1496735,30.60
12:32:44,34.1422272,-118.1496735,30.60
12:32:45,34.1422272,-118.1496735,30.60
12:32:46,34.1422272,-118.1496735,30.60
12:33:03,34.1422272,-118.1496735,30.70
12:33:04,34.1422272,-118.1496735,30.70
12:33:05,34.1422272,-118.1496735,30.70
12:33:06,34.1422272,-118.1496735,30.70
12:33:07,34.1422272,-118.1496735,30.70
12:33:08,34.1422272,-118.1496735,30.70
12:33:09,34.1422272,-118.1496735,30.70
12:33:10,34.1422272,-118.1496735,30.70
12:33:11,34.1422272,-118.1496735,30.70
12:33:12,34.1422272,-118.1496735,30.70
12:33:13,34.1422272,-118.1496735,30.70
12:33:14,34.1422272,-118.1496735,30.70
12:33:15,34.1422310,-118.1496735,30.70
12:33:16,34.1422310,-118.1496735,30.70
12:33:17,34.1422310,-118.1496735,30.70
12:33:18,34.1422310,-118.1496735,30.70
12:33:19,34.1422310,-118.1496735,30.70
12:33:20,34.1422310,-118.1496735,30.70
12:33:21,34.1422310,-118.1496735,30.70
12:33:22,34.1422310,-118.1496735,30.70
12:33:23,34.1422310,-118.1496735,30.80
12:33:24,34.1422310,-118.1496735,30.70
12:33:25,34.1422310,-118.1496735,30.70
12:34:42,34.1422234,-118.1496658,30.40
12:34:43,34.1422234,-118.1496658,30.40
12:34:44,34.1422234,-118.1496658,30.40
12:34:45,34.1422234,-118.1496658,30.40
12:34:46,34.1422234,-118.1496658,30.40
12:35:03,34.1422234,-118.1496658,30.30
12:35:04,34.1422234,-118.1496658,30.30
12:35:05,34.1422234,-118.1496658,30.30
12:35:06,34.1422234,-118.1496658,30.30
12:35:07,34.1422234,-118.1496658,30.30
12:35:08,34.1422234,-118.1496658,30.30
12:35:09,34.1422234,-118.1496658,30.30
12:35:10,34.1422234,-118.1496658,30.30
12:35:11,34.1422234,-118.1496658,30.30
12:35:12,34.1422234,-118.1496658,30.30
12:35:13,34.1422234,-118.1496658,30.30
12:35:14,34.1422234,-118.1496658,30.30
12:35:15,34.1422234,-118.1496658,30.30
12:35:16,34.1422234,-118.1496658,30.30
12:35:17,34.1422234,-118.1496658,30.30
12:35:18,34.1422234,-118.1496658,30.30
12:35:19,34.1422234,-118.1496658,30.30
12:35:20,34.1422234,-118.1496658,30.30
12:35:21,34.1422234,-118.1496658,30.30
12:35:22,34.1422234,-118.1496658,30.30
12:35:23,34.1422234,-118.1496658,30.30
12:35:24,34.1422234,-118.1496658,30.30
12:35:41,34.1422234,-118.1496658,30.30
12:35:42,34.1422234,-118.1496658,30.30
12:35:43,34.1422234,-118.1496658,30.30
12:35:44,34.1422234,-118.1496658,30.30
12:35:45,34.1422234,-118.1496658,30.30
12:35:46,34.1422234,-118.1496658,30.30
12:35:47,34.1422234,-118.1496658,30.30
12:35:48,34.1422234,-118.1496658,30.30
12:35:49,34.1422234,-118.1496658,30.30
12:35:50,34.1422234,-118.1496658,30.30
12:35:51,34.1422234,-118.1496658,30.30
12:35:52,34.1422234,-118.1496658,30.30
12:35:53,34.1422234,-118.1496658,30.30
12:35:54,34.1422234,-118.1496658,30.30
12:35:55,34.1422234,-118.1496658,30.30
12:35:56,34.1422234,-118.1496658,30.30
12:35:57,34.1422234,-118.1496658,30.30
12:35:58,34.1422234,-118.1496658,30.40
12:35:59,34.1422234,-118.1496658,30.40
12:36:00,34.1422234,-118.1496658,30.30
12:36:01,34.1422234,-118.1496658,30.30
12:36:02,34.1422234,-118.1496658,30.30
12:36:03,34.1422234,-118.1496658,30.40
12:36:04,34.1422234,-118.1496658,30.40
12:36:05,34.1422234,-118.1496658,30.40
12:36:06,34.1422234,-118.1496658,30.40
12:36:07,34.1422234,-118.1496658,30.40
12:36:08,34.1422234,-118.1496658,30.40
12:36:09,34.1422234,-118.1496658,30.40
12:36:10,34.1422234,-118.1496658,30.40
12:36:11,34.1422234,-118.1496658,30.40
12:36:12,34.1422234,-118.1496658,30.40
12:36:13,34.1422234,-118.1496658,30.40
12:36:14,34.1422234,-118.1496658,30.30
12:36:15,34.1422234,-118.1496658,30.40
12:36:16,34.1422234,-118.1496658,30.30
12:36:17,34.1422234,-118.1496658,30.30
12:36:18,34.1422234,-118.1496658,30.30
12:36:19,34.1422234,-118.1496658,30.30
12:36:20,34.1422234,-118.1496658,30.30
12:36:21,34.1422234,-118.1496658,30.30
12:36:22,34.1422234,-118.1496658,30.30
12:36:23,34.1422234,-118.1496658,30.30
12:36:24,34.1422234,-118.1496658,30.30
12:36:25,34.1422234,-118.1496658,30.30
12:36:26,34.1422234,-118.1496658,30.30
12:36:27,34.1422234,-118.1496658,30.30
12:36:28,34.1422234,-118.1496658,30.30
12:36:29,34.1422234,-118.1496658,30.30
12:36:30,34.1422234,-118.1496658,30.30
12:36:31,34.1422234,-118.1496658,30.30
12:36:32,34.1422234,-118.1496658,30.30
12:36:33,34.1422234,-118.1496658,30.30
12:36:34,34.1422234,-118.1496658,30.30
12:36:35,34.1422234,-118.1496658,30.30
12:36:36,34.1422234,-118.1496658,30.30
12:36:37,34.1422234,-118.1496658,30.30
12:36:38,34.1422234,-118.1496658,30.30
12:36:39,34.1422234,-118.1496658,30.30
12:36:40,34.1422234,-118.1496658,30.30
12:36:41,34.1422234,-118.1496658,30.30
12:36:42,34.1422234,-118.1496658,30.30
12:36:43,34.1422234,-118.1496658,30.30
12:37:00,34.1422234,-118.1496658,30.20
12:37:01,34.1422234,-118.1496658,30.20
12:37:02,34.1422234,-118.1496658,30.20
12:37:03,34.1422234,-118.1496658,30.20
12:37:04,34.1422234,-118.1496658,30.20
12:37:21,34.1422234,-118.1496582,30.20
12:37:22,34.1422234,-118.1496582,30.20
12:37:23,34.1422234,-118.1496582,30.20
12:37:24,34.1422234,-118.1496582,30.20
12:37:25,34.1422234,-118.1496582,30.20
12:37:26,34.1422234,-118.1496582,30.10
12:37:27,34.1422234,-118.1496582,30.20
12:37:28,34.1422234,-118.1496582,30.20
12:37:29,34.1422234,-118.1496582,30.10
12:37:30,34.1422234,-118.1496582,30.10
12:37:31,34.1422234,-118.1496582,30.20
12:37:32,34.1422234,-118.1496582,30.10
12:37:33,34.1422234,-118.1496582,30.10
12:37:34,34.1422234,-118.1496582,30.10
12:37:35,34.1422234,-118.1496582,30.10
12:37:36,34.1422234,-118.1496582,30.10
12:37:37,34.1422234,-118.1496582,30.10
12:37:38,34.1422234,-118.1496582,30.10
12:37:39,34.1422234,-118.1496582,30.10
12:37:40,34.1422234,-118.1496582,30.10
12:37:41,34.1422234,-118.1496582,30.10
12:37:42,34.1422234,-118.1496582,30.10
12:37:43,34.1422234,-118.1496582,30.10
12:37:44,34.1422234,-118.1496582,30.10
12:37:45,34.1422234,-118.1496582,30.10
12:37:46,34.1422234,-118.1496582,30.10
12:37:47,34.1422234,-118.1496582,30.10
12:37:48,34.1422234,-118.1496582,30.10
12:37:49,34.1422234,-118.1496582,30.10
12:37:50,34.1422234,-118.1496582,30.10
12:38:07,34.1422462,-118.1496658,30.00
12:38:08,34.1422462,-118.1496658,30.00
12:38:09,34.1422462,-118.1496658,30.00
12:38:10,34.1422462,-118.1496658,30.00
12:38:11,34.1422462,-118.1496658,30.00
12:38:12,34.1422462,-118.1496658,29.90
12:38:13,34.1422462,-118.1496658,30.00
12:38:14,34.1422462,-118.1496658,29.90
12:38:15,34.1422462,-118.1496658,29.90
12:38:32,34.1422501,-118.1496735,29.80
12:38:33,34.1422501,-118.1496811,29.80
12:38:34,34.1422501,-118.1496811,29.80
12:38:35,34.1422501,-118.1496811,29.80
12:38:36,34.1422501,-118.1496811,29.80
12:38:37,34.1422501,-118.1496811,29.80
12:38:38,34.1422501,-118.1496811,29.80
12:38:39,34.1422501,-118.1496811,29.80
12:38:56,34.1422501,-118.1496582,29.70
12:38:57,34.1422501,-118.1496582,29.70
12:38:58,34.1422501,-118.1496582,29.70
12:38:59,34.1422501,-118.1496582,29.70
12:39:00,34.1422501,-118.1496582,29.70
12:39:01,34.1422501,-118.1496582,29.70
12:39:02,34.1422501,-118.1496582,29.70
12:39:03,34.1422501,-118.1496582,29.70
12:39:04,34.1422501,-118.1496582,29.70
12:39:05,34.1422501,-118.1496582,29.60
12:39:06,34.1422501,-118.1496582,29.60
12:39:07,34.1422501,-118.1496582,29.60
12:39:08,34.1422501,-118.1496582,29.60
12:39:09,34.1422501,-118.1496582,29.60
12:39:10,34.1422501,-118.1496582,29.60
12:39:11,34.1422501,-118.1496582,29.60
12:39:12,34.1422501,-118.1496582,29.60
12:39:13,34.1422501,-118.1496582,29.60
12:39:14,34.1422501,-118.1496582,29.60
12:39:15,34.1422501,-118.1496582,29.60
12:39:16,34.1422501,-118.1496582,29.60
12:39:17,34.1422501,-118.1496582,29.60
12:39:18,34.1422501,-118.1496582,29.60
12:39:19,34.1422501,-118.1496582,29.50
12:39:20,34.1422539,-118.1496582,29.50
12:39:21,34.1422539,-118.1496506,29.60
12:39:22,34.1422577,-118.1496506,29.50
12:39:23,34.1422577,-118.1496506,29.50
12:39:24,34.1422577,-118.1496506,29.50
12:39:25,34.1422577,-118.1496506,29.50
12:39:26,34.1422577,-118.1496506,29.50
12:39:27,34.1422577,-118.1496506,29.50
12:39:28,34.1422577,-118.1496506,29.50
12:39:29,34.1422577,-118.1496506,29.50
12:39:30,34.1422577,-118.1496506,29.50
12:39:31,34.1422577,-118.1496506,29.50
12:39:32,34.1422577,-118.1496582,29.50
12:39:33,34.1422577,-118.1496582,29.50
12:39:34,34.1422577,-118.1496582,29.40
12:39:35,34.1422577,-118.1496582,29.40
12:39:36,34.1422577,-118.1496582,29.40
12:39:37,34.1422577,-118.1496582,29.40
12:39:38,34.1422577,-118.1496582,29.40
12:39:39,34.1422577,-118.1496582,29.40
12:39:40,34.1422577,-118.1496582,29.40
12:39:41,34.1422577,-118.1496582,29.40
12:39:42,34.1422577,-118.1496582,29.40
12:39:43,34.1422577,-118.1496582,29.40
12:39:44,34.1422577,-118.1496582,29.40
12:39:45,34.1422577,-118.1496582,29.40
12:39:46,34.1422577,-118.1496582,29.40
12:39:47,34.1422577,-118.1496582,29.30
12:39:48,34.1422577,-118.1496582,29.30
12:39:49,34.1422577,-118.1496582,29.30
12:39:50,34.1422577,-118.1496582,29.30
12:39:51,34.1422577,-118.1496582,29.30
12:39:52,34.1422577,-118.1496582,29.30
12:39:53,34.1422577,-118.1496582,29.30
12:39:54,34.1422577,-118.1496582,29.30
12:39:55,34.1422577,-118.1496582,29.30
12:39:56,34.1422577,-118.1496582,29.30
12:39:57,34.1422577,-118.1496582,29.20
12:39:58,34.1422577,-118.1496582,29.20
12:39:59,34.1422577,-118.1496582,29.20
12:40:00,34.1422577,-118.1496582,29.20
12:40:01,34.1422577,-118.1496582,29.20
12:40:02,34.1422577,-118.1496582,29.20
12:40:03,34.1422577,-118.1496582,29.20
12:40:04,34.1422577,-118.1496582,29.20
12:40:05,34.1422577,-118.1496582,29.20
12:40:06,34.1422577,-118.1496582,29.20
12:40:07,34.1422577,-118.1496582,29.20
12:40:08,34.1422577,-118.1496582,29.20
12:40:09,34.1422577,-118.1496582,29.20
12:40:10,34.1422577,-118.1496582,29.20
12:40:11,34.1422577,-118.1496582,29.10
12:40:12,34.1422577,-118.1496582,29.20
12:40:13,34.1422577,-118.1496582,29.20
12:40:14,34.1422577,-118.1496582,29.20
12:40:15,34.1422577,-118.1496582,29.20
12:40:16,34.1422577,-118.1496582,29.10
12:40:17,34.1422577,-118.1496582,29.20
12:40:18,34.1422577,-118.1496506,29.10
12:40:19,34.1422577,-118.1496506,29.10
12:40:20,34.1422577,-118.1496506,29.10
12:40:21,34.1422577,-118.1496506,29.10
12:40:22,34.1422577,-118.1496506,29.10
12:40:23,34.1422577,-118.1496506,29.10
12:40:24,34.1422577,-118.1496506,29.10
12:40:25,34.1422615,-118.1496582,29.10
12:40:26,34.1422615,-118.1496582,29.10
12:40:27,34.1422615,-118.1496582,29.10
12:40:28,34.1422615,-118.1496582,29.10
12:40:29,34.1422615,-118.1496582,29.10
12:40:30,34.1422615,-118.1496582,29.10
12:40:31,34.1422653,-118.1496582,29.10
12:40:32,34.1422653,-118.1496582,29.10
12:40:33,34.1422653,-118.1496582,29.10
12:40:34,34.1422691,-118.1496582,29.10
12:40:35,34.1422691,-118.1496582,29.10
12:40:36,34.1422729,-118.1496582,29.10
12:40:37,34.1422729,-118.1496582,29.10
12:40:38,34.1422729,-118.1496582,29.10
12:40:39,34.1422768,-118.1496582,29.10
12:40:56,34.1422806,-118.1496506,29.10
12:40:57,34.1422806,-118.1496506,29.10
12:40:58,34.1422806,-118.1496506,29.10
12:40:59,34.1422806,-118.1496506,29.00
12:41:00,34.1422806,-118.1496506,29.10
12:41:01,34.1422806,-118.1496506,29.10
12:41:02,34.1422806,-118.1496506,29.00
12:41:03,34.1422806,-118.1496506,29.10
12:41:04,34.1422806,-118.1496506,29.00
12:41:05,34.1422806,-118.1496506,29.00
12:41:06,34.1422806,-118.1496506,29.00
12:41:07,34.1422806,-118.1496506,29.00
12:41:08,34.1422806,-118.1496506,29.00
12:41:09,34.1422806,-118.1496506,29.00
12:41:10,34.1422806,-118.1496506,29.00
12:41:11,34.1422806,-118.1496506,29.00
12:41:12,34.1422806,-118.1496429,29.00
12:41:13,34.1422806,-118.1496429,29.00
12:41:14,34.1422806,-118.1496429,29.00
12:41:15,34.1422806,-118.1496429,29.10
12:41:16,34.1422806,-118.1496429,29.00
12:41:17,34.1422806,-118.1496429,29.00
12:41:18,34.1422806,-118.1496429,29.00
12:41:19,34.1422806,-118.1496429,29.00
12:41:20,34.1422806,-118.1496429,29.00
12:41:21,34.1422806,-118.1496429,29.00
12:41:22,34.1422806,-118.1496429,29.00
12:41:23,34.1422806,-118.1496429,29.00
12:41:24,34.1422806,-118.1496429,29.00
12:41:25,34.1422806,-118.1496429,29.00
12:41:26,34.1422806,-118.1496429,29.00
12:41:27,34.1422806,-118.1496429,29.00
12:41:28,34.1422806,-118.1496429,29.00
12:41:29,34.1422806,-118.1496429,29.10
12:41:30,34.1422806,-118.1496429,29.00
12:41:47,34.1422806,-118.1496429,29.00
12:41:48,34.1422806,-118.1496429,29.00
12:41:49,34.1422806,-118.1496429,29.00
12:41:50,34.1422806,-118.1496429,29.00
12:41:51,34.1422806,-118.1496429,29.00
12:41:52,34.1422806,-118.1496429,29.00
12:41:53,34.1422806,-118.1496429,29.00
12:41:54,34.1422806,-118.1496429,29.00
12:41:55,34.1422806,-118.1496429,29.00
12:41:56,34.1422806,-118.1496429,29.00
12:41:57,34.1422806,-118.1496429,29.00
12:41:58,34.1422806,-118.1496429,29.00
12:41:59,34.1422806,-118.1496429,29.00
12:42:00,34.1422806,-118.1496429,29.00
12:42:01,34.1422806,-118.1496429,29.00
12:42:02,34.1422806,-118.1496429,29.00
12:42:03,34.1422806,-118.1496429,29.00
12:42:04,34.1422806,-118.1496429,29.00
12:42:05,34.1422806,-118.1496429,29.00
12:42:06,34.1422806,-118.1496429,29.00
12:42:07,34.1422806,-118.1496429,29.00
12:42:08,34.1422806,-118.1496429,29.00
12:42:09,34.1422806,-118.1496429,29.00
12:42:10,34.1422806,-118.1496429,29.00
12:42:11,34.1422806,-118.1496429,29.00
12:42:12,34.1422806,-118.1496429,29.00
12:42:13,34.1422806,-118.1496429,29.00
12:42:14,34.1422806,-118.1496429,29.00
12:42:15,34.1422806,-118.1496429,29.00
12:42:16,34.1422806,-118.1496429,29.10
12:42:17,34.1422806,-118.1496429,29.00
12:42:18,34.1422806,-118.1496429,29.00
12:42:19,34.1422806,-118.1496429,29.00
12:42:20,34.1422806,-118.1496429,29.00
12:42:21,34.1422806,-118.1496429,29.00
12:42:22,34.1422806,-118.1496429,29.10
12:42:23,34.1422806,-118.1496429,29.10
12:42:24,34.1422806,-118.1496429,29.10
12:42:25,34.1422768,-118.1496429,29.10
12:42:26,34.1422768,-118.1496429,29.10
12:42:27,34.1422768,-118.1496429,29.10
12:42:28,34.1422768,-118.1496429,29.10
12:42:29,34.1422768,-118.1496429,29.10
12:42:30,34.1422768,-118.1496429,29.10
12:42:31,34.1422768,-118.1496429,29.10
12:42:32,34.1422768,-118.1496429,29.10
12:42:33,34.1422768,-118.1496429,29.10
12:42:34,34.1422768,-118.1496429,29.10
12:42:35,34.1422729,-118.1496429,29.10
12:42:36,34.1422729,-118.1496429,29.10
12:42:37,34.1422729,-118.1496429,29.10
12:42:38,34.1422729,-118.1496429,29.20
12:42:39,34.1422729,-118.1496429,29.10
12:42:40,34.1422691,-118.1496429,29.10
12:42:41,34.1422653,-118.1496429,29.10
12:42:42,34.1422653,-118.1496429,29.10
12:42:43,34.1422653,-118.1496353,29.10
12:42:44,34.1422653,-118.1496353,29.10
12:42:45,34.1422653,-118.1496353,29.10
12:42:46,34.1422653,-118.1496353,29.10
12:42:47,34.1422653,-118.1496353,29.10
12:43:04,34.1422615,-118.1496277,29.20
12:43:05,34.1422615,-118.1496277,29.20
12:43:06,34.1422615,-118.1496277,29.20
12:43:07,34.1422615,-118.1496277,29.20
12:43:08,34.1422615,-118.1496277,29.20
12:43:09,34.1422615,-118.1496277,29.20
12:43:10,34.1422615,-118.1496277,29.20
12:43:11,34.1422615,-118.1496277,29.20
12:43:28,34.1422615,-118.1496353,29.20
12:43:29,34.1422615,-118.1496353,29.30
12:43:30,34.1422615,-118.1496353,29.30
12:43:31,34.1422615,-118.1496353,29.30
12:43:32,34.1422615,-118.1496353,29.30
12:43:33,34.1422615,-118.1496353,29.30
12:43:34,34.1422615,-118.1496353,29.30
12:43:35,34.1422615,-118.1496353,29.30
12:43:36,34.1422615,-118.1496353,29.30
12:43:53,34.1422577,-118.1496353,29.40
12:43:54,34.1422577,-118.1496353,29.40
12:44:11,34.1422577,-118.1496353,29.50
12:44:12,34.1422577,-118.1496353,29.50
12:44:13,34.1422577,-118.1496353,29.50
12:44:14,34.1422577,-118.1496353,29.50
12:44:15,34.1422577,-118.1496353,29.50
12:44:16,34.1422577,-118.1496353,29.50
12:44:17,34.1422577,-118.1496353,29.50
12:44:18,34.1422577,-118.1496353,29.50
12:44:19,34.1422577,-118.1496353,29.50
12:44:20,34.1422577,-118.1496353,29.60
12:44:21,34.1422577,-118.1496353,29.60
12:44:22,34.1422577,-118.1496353,29.60
12:44:23,34.1422577,-118.1496277,29.60
12:44:24,34.1422577,-118.1496277,29.60
12:44:25,34.1422577,-118.1496277,29.60
12:44:26,34.1422577,-118.1496277,29.60
12:44:27,34.1422577,-118.1496277,29.60
12:44:28,34.1422577,-118.1496277,29.60
12:44:29,34.1422539,-118.1496277,29.60
12:44:30,34.1422539,-118.1496277,29.60
12:44:31,34.1422539,-118.1496277,29.60
12:44:32,34.1422539,-118.1496277,29.60
12:44:33,34.1422539,-118.1496277,29.70
12:44:34,34.1422539,-118.1496277,29.70
12:44:51,34.1422539,-118.1496277,29.80
12:44:52,34.1422539,-118.1496277,29.80
12:44:53,34.1422539,-118.1496277,29.80
12:44:54,34.1422539,-118.1496277,29.90
12:44:55,34.1422539,-118.1496277,29.90
12:44:56,34.1422539,-118.1496277,29.90
12:44:57,34.1422539,-118.1496277,29.90
12:44:58,34.1422539,-118.1496277,29.90
12:44:59,34.1422539,-118.1496277,29.90
12:45:00,34.1422539,-118.1496277,29.90
12:45:01,34.1422539,-118.1496277,29.90
12:45:03,34.1422539,-118.1496277,29.90
12:45:04,34.1422539,-118.1496277,29.90
12:45:05,34.1422539,-118.1496277,29.90
12:45:06,34.1422539,-118.1496277,29.90
12:45:07,34.1422539,-118.1496277,30.00
12:45:08,34.1422539,-118.1496277,30.00
12:45:09,34.1422539,-118.1496277,30.00
12:45:10,34.1422539,-118.1496277,30.00
12:45:11,34.1422539,-118.1496277,30.00
12:45:12,34.1422539,-118.1496277,30.00
12:45:13,34.1422539,-118.1496277,30.00
12:45:14,34.1422539,-118.1496277,30.00
12:45:15,34.1422539,-118.1496277,30.00
12:45:16,34.1422539,-118.1496277,30.00
12:45:17,34.1422539,-118.1496277,30.00
12:45:18,34.1422539,-118.1496277,30.00
12:45:19,34.1422539,-118.1496277,30.00
12:45:20,34.1422539,-118.1496277,30.00
12:45:21,34.1422539,-118.1496277,30.00
12:45:22,34.1422539,-118.1496277,30.00
12:45:23,34.1422539,-118.1496277,30.00
12:45:24,34.1422539,-118.1496277,30.10
12:45:25,34.1422539,-118.1496277,30.10
12:45:26,34.1422539,-118.1496277,30.10
12:45:27,34.1422539,-118.1496277,30.10
12:45:28,34.1422539,-118.1496277,30.10
12:45:29,34.1422539,-118.1496277,30.10
12:45:30,34.1422539,-118.1496277,30.10
12:45:31,34.1422539,-118.1496277,30.10
12:45:32,34.1422539,-118.1496277,30.10
12:45:33,34.1422539,-118.1496277,30.10
12:45:34,34.1422539,-118.1496277,30.10
12:45:35,34.1422539,-118.1496277,30.10
12:45:52,34.1422539,-118.1496277,30.20
12:45:53,34.1422539,-118.1496277,30.20
12:45:54,34.1422539,-118.1496277,30.20
12:45:55,34.1422539,-118.1496277,30.20
12:45:56,34.1422539,-118.1496277,30.20
12:46:13,34.1422539,-118.1496277,30.30
12:46:14,34.1422539,-118.1496277,30.30
12:46:15,34.1422539,-118.1496277,30.30
12:46:16,34.1422539,-118.1496277,30.30
12:46:17,34.1422539,-118.1496277,30.30
12:46:18,34.1422539,-118.1496277,30.30
12:46:19,34.1422539,-118.1496277,30.30
12:46:20,34.1422539,-118.1496277,30.30
12:46:21,34.1422539,-118.1496277,30.30
12:46:22,34.1422539,-118.1496277,30.30
12:46:23,34.1422539,-118.1496277,30.30
12:46:24,34.1422539,-118.1496277,30.30
12:46:25,34.1422539,-118.1496277,30.30
12:46:26,34.1422539,-118.1496277,30.30
12:46:27,34.1422539,-118.1496277,30.30
12:46:28,34.1422539,-118.1496277,30.30
12:46:29,34.1422539,-118.1496277,30.30
12:46:30,34.1422539,-118.1496277,30.30
12:46:31,34.1422539,-118.1496277,30.30
12:46:32,34.1422539,-118.1496277,30.30
12:46:33,34.1422539,-118.1496277,30.30
12:46:34,34.1422539,-118.1496277,30.30
12:46:35,34.1422539,-118.1496277,30.30
12:46:36,34.1422539,-118.1496277,30.30
12:46:37,34.1422539,-118.1496277,30.30
12:46:38,34.1422539,-118.1496277,30.30
12:46:39,34.1422539,-118.1496277,30.30
12:46:40,34.1422539,-118.1496277,30.30
12:46:41,34.1422539,-118.1496277,30.30
12:46:42,34.1422539,-118.1496277,30.30
12:46:43,34.1422539,-118.1496277,30.30
12:46:44,34.1422539,-118.1496277,30.30
12:46:45,34.1422539,-118.1496277,30.30
12:46:46,34.1422539,-118.1496277,30.30
12:46:47,34.1422539,-118.1496277,30.30
12:47:04,34.1422539,-118.1496277,30.30
12:47:05,34.1422539,-118.1496277,30.30
12:47:06,34.1422539,-118.1496277,30.30
12:47:07,34.1422539,-118.1496277,30.30
12:47:08,34.1422539,-118.1496277,30.30
12:47:09,34.1422539,-118.1496277,30.30
12:47:10,34.1422539,-118.1496277,30.30
12:47:11,34.1422539,-118.1496277,30.30
12:47:12,34.1422539,-118.1496277,30.30
12:47:13,34.1422539,-118.1496277,30.30
12:47:14,34.1422539,-118.1496277,30.30
12:47:15,34.1422539,-118.1496277,30.30
12:47:16,34.1422539,-118.1496277,30.30
12:47:17,34.1422539,-118.1496277,30.30
12:47:18,34.1422539,-118.1496277,30.30
12:47:19,34.1422539,-118.1496277,30.30
12:47:20,34.1422539,-118.1496277,30.30
12:47:21,34.1422539,-118.1496277,30.30
12:47:22,34.1422539,-118.1496277,30.30
12:47:23,34.1422539,-118.1496277,30.30
12:47:24,34.1422539,-118.1496277,30.30
12:47:25,34.1422539,-118.1496201,30.30
12:47:26,34.1422539,-118.1496201,30.30
12:47:27,34.1422539,-118.1496201,30.30
12:47:28,34.1422539,-118.1496201,30.30
12:47:29,34.1422539,-118.1496201,30.30
12:47:30,34.1422539,-118.1496201,30.30
12:47:31,34.1422539,-118.1496201,30.30
12:47:32,34.1422539,-118.1496201,30.30
12:47:33,34.1422615,-118.1496048,30.30
12:47:34,34.1422615,-118.1496048,30.30
12:47:35,34.1422653,-118.1495895,30.30
12:47:36,34.1422729,-118.1495667,30.30
12:47:37,34.1422691,-118.1495514,30.20
12:47:38,34.1422653,-118.1495514,30.30
12:47:39,34.1422653,-118.1495514,30.30
12:47:40,34.1422653,-118.1495514,30.30
12:47:41,34.1422653,-118.1495514,30.40
12:47:42,34.1422653,-118.1495514,30.40
12:47:43,34.1422653,-118.1495514,30.40
12:47:44,34.1422615,-118.1495438,30.40
12:47:45,34.1422615,-118.1495438,30.40
12:47:46,34.1422653,-118.1495514,30.40
12:47:47,34.1422653,-118.1495514,30.40
12:47:48,34.1422653,-118.1495438,30.40
12:47:49,34.1422615,-118.1495438,30.40
12:47:50,34.1422615,-118.1495438,30.30
12:47:51,34.1422615,-118.1495438,30.30
12:47:52,34.1422615,-118.1495361,30.30
12:47:53,34.1422615,-118.1495361,30.30
12:47:54,34.1422653,-118.1495361,30.30
12:47:55,34.1422653,-118.1495361,30.30
12:47:56,34.1422691,-118.1495361,30.30
12:47:57,34.1422691,-118.1495361,30.30
12:47:58,34.1422729,-118.1495361,30.30
12:47:59,34.1422729,-118.1495361,30.30
12:48:00,34.1422729,-118.1495361,30.20
12:48:01,34.1422729,-118.1495361,30.20
12:48:02,34.1422729,-118.1495361,30.20
12:48:03,34.1422729,-118.1495361,30.20
12:48:04,34.1422729,-118.1495361,30.20
12:48:05,34.1422729,-118.1495361,30.20
12:48:06,34.1422729,-118.1495361,30.20
12:48:07,34.1422768,-118.1495361,30.20
12:48:08,34.1422768,-118.1495361,30.20
12:48:09,34.1422768,-118.1495361,30.20
12:48:10,34.1422768,-118.1495361,30.20
12:48:11,34.1422768,-118.1495361,30.20
12:48:12,34.1422768,-118.1495361,30.20
12:48:13,34.1422768,-118.1495361,30.20
12:48:14,34.1422768,-118.1495361,30.20
12:48:15,34.1422768,-118.1495361,30.20
12:48:16,34.1422729,-118.1495361,30.20
12:48:17,34.1422729,-118.1495361,30.20
12:48:18,34.1422729,-118.1495361,30.20
12:48:19,34.1422729,-118.1495361,30.20
12:48:20,34.1422729,-118.1495361,30.10
12:48:21,34.1422729,-118.1495361,30.10
12:48:22,34.1422729,-118.1495361,30.10
12:48:23,34.1422729,-118.1495361,30.10
12:48:24,34.1422729,-118.1495361,30.10
12:48:25,34.1422729,-118.1495361,30.10
12:48:26,34.1422729,-118.1495361,30.10
12:48:27,34.1422729,-118.1495361,30.10
12:48:28,34.1422729,-118.1495361,30.10
12:48:29,34.1422729,-118.1495361,30.10
12:48:30,34.1422729,-118.1495361,30.10
12:48:31,34.1422729,-118.1495361,30.10
12:48:32,34.1422729,-118.1495361,30.10
12:48:33,34.1422729,-118.1495361,30.10
12:48:34,34.1422729,-118.1495361,30.10
12:48:35,34.1422729,-118.1495361,30.10
12:48:36,34.1422729,-118.1495361,30.10
12:48:37,34.1422729,-118.1495361,30.10
12:48:38,34.1422729,-118.1495361,30.10
12:48:39,34.1422729,-118.1495361,30.10
12:48:40,34.1422729,-118.1495361,30.00
12:48:41,34.1422729,-118.1495361,30.10
12:48:42,34.1422729,-118.1495361,30.00
12:48:43,34.1422729,-118.1495361,30.00
12:48:44,34.1422729,-118.1495361,30.10
12:48:45,34.1422729,-118.1495361,30.10
12:48:46,34.1422729,-118.1495361,30.10
12:48:47,34.1422729,-118.1495361,30.10
12:48:48,34.1422729,-118.1495361,30.10
12:49:05,34.1422729,-118.1495361,30.10
12:49:06,34.1422729,-118.1495361,30.10
12:49:07,34.1422729,-118.1495361,30.10
12:49:08,34.1422729,-118.1495361,30.10
12:49:09,34.1422729,-118.1495361,30.10
12:49:10,34.1422729,-118.1495361,30.10
12:49:11,34.1422729,-118.1495361,30.10
12:49:12,34.1422729,-118.1495361,30.10
12:49:13,34.1422729,-118.1495361,30.10
12:49:14,34.1422729,-118.1495361,30.20
12:49:15,34.1422729,-118.1495361,30.20
12:49:16,34.1422729,-118.1495361,30.20
12:49:17,34.1422729,-118.1495361,30.20
12:49:18,34.1422729,-118.1495361,30.20
12:49:19,34.1422729,-118.1495361,30.20
12:49:20,34.1422729,-118.1495361,30.20
12:49:21,34.1422729,-118.1495361,30.20
12:49:22,34.1422729,-118.1495361,30.20
12:49:23,34.1422729,-118.1495361,30.20
12:49:24,34.1422729,-118.1495361,30.20
12:49:25,34.1422729,-118.1495361,30.20
12:49:26,34.1422729,-118.1495361,30.20
12:49:27,34.1422729,-118.1495361,30.20
12:49:28,34.1422729,-118.1495361,30.20
12:49:29,34.1422729,-118.1495361,30.20
12:49:30,34.1422729,-118.1495361,30.20
12:49:31,34.1422729,-118.1495361,30.20
12:49:32,34.1422729,-118.1495361,30.20
12:49:33,34.1422729,-118.1495361,30.20
12:49:34,34.1422729,-118.1495361,30.20
12:49:35,34.1422729,-118.1495361,30.20
12:49:36,34.1422729,-118.1495361,30.20
12:49:37,34.1422729,-118.1495361,30.20
12:49:38,34.1422729,-118.1495361,30.30
12:49:39,34.1422729,-118.1495361,30.20
12:49:40,34.1422729,-118.1495361,30.30
12:49:41,34.1422729,-118.1495361,30.30
12:49:42,34.1422729,-118.1495361,30.30
12:49:43,34.1422729,-118.1495361,30.30
12:49:44,34.1422729,-118.1495361,30.30
12:49:45,34.1422729,-118.1495361,30.30
12:49:46,34.1422729,-118.1495361,30.30
12:49:47,34.1422729,-118.1495361,30.30
12:49:48,34.1422729,-118.1495361,30.30
12:49:49,34.1422729,-118.1495361,30.30
12:49:50,34.1422729,-118.1495361,30.30
12:49:51,34.1422729,-118.1495361,30.30
12:49:52,34.1422729,-118.1495361,30.30
12:49:53,34.1422729,-118.1495361,30.30
12:49:54,34.1422729,-118.1495361,30.30
12:49:55,34.1422729,-118.1495361,30.30
12:49:56,34.1422729,-118.1495361,30.30
12:49:57,34.1422729,-118.1495361,30.30
12:49:58,34.1422729,-118.1495361,30.30
12:49:59,34.1422729,-118.1495361,30.30
12:50:00,34.1422729,-118.1495361,30.30
12:50:01,34.1422729,-118.1495361,30.30
12:50:02,34.1422729,-118.1495361,30.30
12:50:03,34.1422729,-118.1495361,30.30
12:50:04,34.1422729,-118.1495361,30.30
12:50:05,34.1422729,-118.1495361,30.40
12:50:06,34.1422729,-118.1495361,30.30
12:50:07,34.1422729,-118.1495361,30.30
12:50:08,34.1422729,-118.1495361,30.40
12:50:09,34.1422729,-118.1495361,30.40
12:50:10,34.1422729,-118.1495361,30.40
12:50:11,34.1422729,-118.1495361,30.30
12:50:12,34.1422729,-118.1495361,30.40
12:50:13,34.1422729,-118.1495361,30.40
12:50:14,34.1422729,-118.1495361,30.40
12:50:15,34.1422729,-118.1495361,30.40
12:50:16,34.1422729,-118.1495361,30.40
12:50:17,34.1422729,-118.1495361,30.40
12:50:18,34.1422729,-118.1495361,30.40
12:50:19,34.1422729,-118.1495361,30.40
12:50:20,34.1422729,-118.1495361,30.40
12:50:21,34.1422729,-118.1495361,30.40
12:50:22,34.1422729,-118.1495361,30.40
12:50:23,34.1422729,-118.1495361,30.40
12:50:24,34.1422729,-118.1495361,30.40
12:50:25,34.1422729,-118.1495361,30.40
12:50:26,34.1422729,-118.1495361,30.40
12:50:27,34.1422729,-118.1495361,30.40
12:50:28,34.1422729,-118.1495361,30.40
12:50:29,34.1422729,-118.1495361,30.40
12:50:30,34.1422729,-118.1495361,30.40
12:50:31,34.1422729,-118.1495361,30.40
12:50:32,34.1422729,-118.1495361,30.50
12:50:33,34.1422729,-118.1495361,30.40
12:50:34,34.1422729,-118.1495361,30.40
12:50:35,34.1422729,-118.1495361,30.40
12:50:36,34.1422729,-118.1495361,30.40
12:50:37,34.1422729,-118.1495438,30.50
12:50:38,34.1422729,-118.1495438,30.50
12:50:39,34.1422729,-118.1495438,30.50
12:50:40,34.1422729,-118.1495438,30.50
12:50:41,34.1422729,-118.1495438,30.50
12:50:42,34.1422729,-118.1495438,30.50
12:50:43,34.1422729,-118.1495438,30.50
12:50:44,34.1422729,-118.1495438,30.50
12:50:45,34.1422729,-118.1495438,30.50
12:50:46,34.1422729,-118.1495438,30.50
12:50:47,34.1422729,-118.1495438,30.50
12:50:48,34.1422729,-118.1495438,30.50
12:51:05,34.1422729,-118.1495438,30.60
12:51:06,34.1422729,-118.1495438,30.60
12:51:07,34.1422729,-118.1495438,30.60
12:51:08,34.1422729,-118.1495438,30.60
12:51:09,34.1422729,-118.1495438,30.60
12:51:10,34.1422729,-118.1495438,30.60
12:51:11,34.1422729,-118.1495438,30.60
12:51:12,34.1422729,-118.1495438,30.60
12:51:13,34.1422729,-118.1495438,30.60
12:51:14,34.1422729,-118.1495438,30.60
12:51:15,34.1422729,-118.1495438,30.60
12:51:16,34.1422729,-118.1495438,30.60
12:51:17,34.1422729,-118.1495438,30.60
12:51:18,34.1422729,-118.1495438,30.60
12:51:19,34.1422729,-118.1495438,30.60
12:51:20,34.1422729,-118.1495438,30.60
12:51:21,34.1422729,-118.1495438,30.60
12:51:22,34.1422729,-118.1495438,30.60
12:51:23,34.1422729,-118.1495438,30.70
12:51:24,34.1422729,-118.1495438,30.70
12:51:25,34.1422729,-118.1495438,30.70
12:51:26,34.1422729,-118.1495438,30.70
12:51:27,34.1422729,-118.1495438,30.70
12:51:28,34.1422729,-118.1495438,30.70
12:51:29,34.1422729,-118.1495438,30.70
12:51:30,34.1422729,-118.1495438,30.70
12:51:31,34.1422729,-118.1495438,30.70
12:51:32,34.1422729,-118.1495438,30.70
12:51:33,34.1422729,-118.1495438,30.70
12:51:34,34.1422729,-118.1495438,30.70
12:51:35,34.1422729,-118.1495438,30.70
12:51:36,34.1422729,-118.1495438,30.70
12:51:37,34.1422729,-118.1495438,30.70
12:51:38,34.1422729,-118.1495438,30.70
12:51:39,34.1422729,-118.1495438,30.70
12:51:40,34.1422729,-118.1495438,30.70
12:51:41,34.1422729,-118.1495438,30.70
12:51:58,34.1422729,-118.1495438,30.70
12:51:59,34.1422729,-118.1495438,30.70
12:52:00,34.1422729,-118.1495438,30.70
12:52:01,34.1422729,-118.1495438,30.70
12:52:02,34.1422729,-118.1495438,30.70
